Topic Name (Required),Topic Description (Optional),Topic Type (Optional),Native Text (Required),Native Context Line (Optional),Translation Text (Required),Translation Context Line (Optional),Translation Hint (Optional),Pronunciation Override (Optional)
Bug Moves,Pokémon Bug Type Moves,0 - Vocab,Attack Order,,こうげきしれい,,,
Bug Moves,,,Bug Bite,,むしくい,,,
Bug Moves,,,Bug Buzz,,むしのさざめき,,,
Bug Moves,,,Defend Order,,ぼうぎょしれい,,,
Bug Moves,,,Fell Stinger,,とどめばり,,,
Bug Moves,,,First Impression,,であいがしら,,,
Bug Moves,,,Fury Cutter,,れんぞくぎり,,,
Bug Moves,,,Heal Order,,かいふくしれい,,,
Bug Moves,,,Infestation,,まとわりつく,,,
Bug Moves,,,Leech Life,,きゅうけつ,,,
Bug Moves,,,Lunge,,とびかかる,,,
Bug Moves,,,Max Flutterby,,ダイワーム,,,
Bug Moves,,,Megahorn,,メガホーン,,,
Bug Moves,,,Pin Missile,,ミサイルばり,,,
Bug Moves,,,Pollen Puff,,かふんだんご,,,
Bug Moves,,,Pounce,,とびつく,,,
Bug Moves,,,Powder,,ふんじん,,,
Bug Moves,,,Quiver Dance,,ちょうのまい,,,
Bug Moves,,,Rage Powder,,いかりのこな,,,
Bug Moves,,,Savage Spin-Out,,絶対捕食回転斬,,,
Bug Moves,,,Signal Beam,,シグナルビーム,,,
Bug Moves,,,Silk Trap,,スレッドトラップ,,,
Bug Moves,,,Silver Wind,,ぎんいろのかぜ,,,
Bug Moves,,,Skitter Smack,,はいよるいちげき,,,
Bug Moves,,,Spider Web,,クモのす,,,
Bug Moves,,,Steamroller,,ハードローラー,,,
Bug Moves,,,Sticky Web,,ねばねばネット,,,
Bug Moves,,,String Shot,,いとをはく,,,
Bug Moves,,,Struggle Bug,,むしのていこう,,,
Bug Moves,,,Tail Glow,,ほたるび,,,
Bug Moves,,,Twineedle,,ダブルニードル,,,
Bug Moves,,,U-turn,,とんぼがえり,,,
Bug Moves,,,X-Scissor,,シザークロス,,,
Dark Moves,Pokémon Dark Type Moves,0 - Vocab,Assurance,,ダメおし,,,
Dark Moves,,,Baddy Bad,,わるわるゾーン,,,
Dark Moves,,,Beat Up,,ふくろだたき,,,
Dark Moves,,,Bite,,かみつく,,,
Dark Moves,,,Black Hole Eclipse,,ブラックホールイクリプス,,,
Dark Moves,,,Brutal Swing,,ぶんまわす,,,
Dark Moves,,,Ceaseless Edge,,ひけん・ちえなみ,,,
Dark Moves,,,Comeuppance,,ほうふく,,,
Dark Moves,,,Crunch,,かみくだく,,,
Dark Moves,,,Dark Pulse,,あくのはどう,,,
Dark Moves,,,Dark Void,,ダークホール,,,
Dark Moves,,,Darkest Lariat,,ＤＤラリアット,,,
Dark Moves,,,Embargo,,さしおさえ,,,
Dark Moves,,,Fake Tears,,うそなき,,,
Dark Moves,,,False Surrender,,どげざつき,,,
Dark Moves,,,Feint Attack,,だましうち,,,
Dark Moves,,,Fiery Wrath,,もえあがるいかり,,,
Dark Moves,,,Flatter,,おだてる,,,
Dark Moves,,,Fling,,なげつける,,,
Dark Moves,,,Foul Play,,イカサマ,,,
Dark Moves,,,Hone Claws,,つめとぎ,,,
Dark Moves,,,Hyperspace Fury,,いじげんラッシュ,,,
Dark Moves,,,Jaw Lock,,くらいつく,,,
Dark Moves,,,Knock Off,,はたきおとす,,,
Dark Moves,,,Kowtow Cleave,,ドゲザン,,,
Dark Moves,,,Lash Out,,うっぷんばらし,,,
Dark Moves,,,Malicious Moonsault,,ハイパーダーククラッシャー,,,
Dark Moves,,,Max Darkness,,ダイアーク,,,
Dark Moves,,,Memento,,おきみやげ,,,
Dark Moves,,,Nasty Plot,,わるだくみ,,,
Dark Moves,,,Night Daze,,ナイトバースト,,,
Dark Moves,,,Night Slash,,つじぎり,,,
Dark Moves,,,Obstruct,,ブロッキング,,,
Dark Moves,,,Parting Shot,,すてゼリフ,,,
Dark Moves,,,Payback,,しっぺがえし,,,
Dark Moves,,,Power Trip,,つけあがる,,,
Dark Moves,,,Punishment,,おしおき,,,
Dark Moves,,,Pursuit,,おいうち,,,
Dark Moves,,,Quash,,さきおくり,,,
Dark Moves,,,Ruination,,カタストロフィ,,,
Dark Moves,,,Snarl,,バークアウト,,,
Dark Moves,,,Snatch,,よこどり,,,
Dark Moves,,,Sucker Punch,,ふいうち,,,
Dark Moves,,,Switcheroo,,すりかえ,,,
Dark Moves,,,Taunt,,ちょうはつ,,,
Dark Moves,,,Thief,,どろぼう,,,
Dark Moves,,,Throat Chop,,じごくづき,,,
Dark Moves,,,Topsy-Turvy,,ひっくりかえす,,,
Dark Moves,,,Torment,,いちゃもん,,,
Dark Moves,,,Wicked Blow,,あんこくきょうだ,,,
Dragon Moves,Pokémon Dragon Type Moves,0 - Vocab,Breaking Swipe,,ワイドブレイカー,,,
Dragon Moves,,,Clanging Scales,,スケイルノイズ,,,
Dragon Moves,,,Clangorous Soul,,ソウルビート,,,
Dragon Moves,,,Clangorous Soulblaze,,ブレイジングソウルビート,,,
Dragon Moves,,,Core Enforcer,,コアパニッシャー,,,
Dragon Moves,,,Devastating Drake,,アルティメットドラゴンバーン,,,
Dragon Moves,,,Draco Meteor,,りゅうせいぐん,,,
Dragon Moves,,,Dragon Breath,,りゅうのいぶき,,,
Dragon Moves,,,Dragon Cheer,,ドラゴンエール,,,
Dragon Moves,,,Dragon Claw,,ドラゴンクロー,,,
Dragon Moves,,,Dragon Dance,,りゅうのまい,,,
Dragon Moves,,,Dragon Darts,,ドラゴンアロー,,,
Dragon Moves,,,Dragon Energy,,ドラゴンエナジー,,,
Dragon Moves,,,Dragon Hammer,,ドラゴンハンマー,,,
Dragon Moves,,,Dragon Pulse,,りゅうのはどう,,,
Dragon Moves,,,Dragon Rage,,りゅうのいかり,,,
Dragon Moves,,,Dragon Rush,,ドラゴンダイブ,,,
Dragon Moves,,,Dragon Tail,,ドラゴンテール,,,
Dragon Moves,,,Dual Chop,,ダブルチョップ,,,
Dragon Moves,,,Dynamax Cannon,,ダイマックスほう,,,
Dragon Moves,,,Eternabeam,,ムゲンダイビーム,,,
Dragon Moves,,,Fickle Beam,,きまぐレーザー,,,
Dragon Moves,,,Glaive Rush,,きょけんとつげき,,,
Dragon Moves,,,Max Wyrmwind,,ダイドラグーン,,,
Dragon Moves,,,Order Up,,いっちょうあがり,,,
Dragon Moves,,,Outrage,,げきりん,,,
Dragon Moves,,,Roar of Time,,ときのほうこう,,,
Dragon Moves,,,Scale Shot,,スケイルショット,,,
Dragon Moves,,,Spacial Rend,,あくうせつだん,,,
Dragon Moves,,,Twister,,たつまき,,,
Electric Moves,Pokémon Electric Type Moves,0 - Vocab,"10,000,000 Volt Thunderbolt",,1000まんボルト,,,
Electric Moves,,,Aura Wheel,,オーラぐるま,,,
Electric Moves,,,Bolt Beak,,でんげきくちばし,,,
Electric Moves,,,Bolt Strike,,らいげき,,,
Electric Moves,,,Buzzy Buzz,,びりびりエレキ,,,
Electric Moves,,,Catastropika,,ひっさつのピカチュート,,,
Electric Moves,,,Charge,,じゅうでん,,,
Electric Moves,,,Charge Beam,,チャージビーム,,,
Electric Moves,,,Discharge,,ほうでん,,,
Electric Moves,,,Double Shock,,でんこうそうげき,,,
Electric Moves,,,Eerie Impulse,,かいでんぱ,,,
Electric Moves,,,Electric Terrain,,エレキフィールド,,,
Electric Moves,,,Electrify,,そうでん,,,
Electric Moves,,,Electro Ball,,エレキボール,,,
Electric Moves,,,Electro Drift,,イナズマドライブ,,,
Electric Moves,,,Electro Shot,,エレクトロビーム,,,
Electric Moves,,,Electroweb,,エレキネット,,,
Electric Moves,,,Fusion Bolt,,クロスサンダー,,,
Electric Moves,,,Gigavolt Havoc,,スパーキングギガボルト,,,
Electric Moves,,,Ion Deluge,,プラズマシャワー,,,
Electric Moves,,,Magnet Rise,,でんじふゆう,,,
Electric Moves,,,Magnetic Flux,,じばそうさ,,,
Electric Moves,,,Max Lightning,,ダイサンダー,,,
Electric Moves,,,Nuzzle,,ほっぺすりすり,,,
Electric Moves,,,Overdrive,,オーバードライブ,,,
Electric Moves,,,Parabolic Charge,,パラボラチャージ,,,
Electric Moves,,,Pika Papow,,ピカピカサンダー,,,
Electric Moves,,,Plasma Fists,,プラズマフィスト,,,
Electric Moves,,,Rising Voltage,,ライジングボルト,,,
Electric Moves,,,Shock Wave,,でんげきは,,,
Electric Moves,,,Spark,,スパーク,,,
Electric Moves,,,Stoked Sparksurfer,,ライトニングサーフライド,,,
Electric Moves,,,Supercell Slam,,サンダーダイブ,,,
Electric Moves,,,Thunder,,かみなり,,,
Electric Moves,,,Thunder Cage,,サンダープリズン,,,
Electric Moves,,,Thunder Fang,,かみなりのキバ,,,
Electric Moves,,,Thunder Punch,,かみなりパンチ,,,
Electric Moves,,,Thunder Shock,,でんきショック,,,
Electric Moves,,,Thunder Wave,,でんじは,,,
Electric Moves,,,Thunderbolt,,１０まんボルト,,,
Electric Moves,,,Thunderclap,,じんらい,,,
Electric Moves,,,Volt Switch,,ボルトチェンジ,,,
Electric Moves,,,Volt Tackle,,ボルテッカー,,,
Electric Moves,,,Wild Charge,,ワイルドボルト,,,
Electric Moves,,,Wildbolt Storm,,かみなりあらし,,,
Electric Moves,,,Zap Cannon,,でんじほう,,,
Electric Moves,,,Zing Zap,,びりびりちくちく,,,
Electric Moves,,,Zippy Zap,,ばちばちアクセル,,,
Fairy Moves,Pokémon Fairy Type Moves,0 - Vocab,Alluring Voice,,みわくのボイス,,,
Fairy Moves,,,Aromatic Mist,,アロマミスト,,,
Fairy Moves,,,Baby-Doll Eyes,,つぶらなひとみ,,,
Fairy Moves,,,Charm,,あまえる,,,
Fairy Moves,,,Crafty Shield,,トリックガード,,,
Fairy Moves,,,Dazzling Gleam,,マジカルシャイン,,,
Fairy Moves,,,Decorate,,デコレーション,,,
Fairy Moves,,,Disarming Voice,,チャームボイス,,,
Fairy Moves,,,Draining Kiss,,ドレインキッス,,,
Fairy Moves,,,Fairy Lock,,フェアリーロック,,,
Fairy Moves,,,Fairy Wind,,ようせいのかぜ,,,
Fairy Moves,,,Fleur Cannon,,フルールカノン,,,
Fairy Moves,,,Floral Healing,,フラワーヒール,,,
Fairy Moves,,,Flower Shield,,フラワーガード,,,
Fairy Moves,,,Geomancy,,ジオコントロール,,,
Fairy Moves,,,Guardian of Alola,,ガーディアン・デ・アローラ,,,
Fairy Moves,,,Let's Snuggle Forever,,ぽかぼかフレンドタイム,,,
Fairy Moves,,,Light of Ruin,,はめつのひかり,,,
Fairy Moves,,,Max Starfall,,ダイフェアリー,,,
Fairy Moves,,,Misty Explosion,,ミストバースト,,,
Fairy Moves,,,Misty Terrain,,ミストフィールド,,,
Fairy Moves,,,Moonblast,,ムーンフォース,,,
Fairy Moves,,,Moonlight,,つきのひかり,,,
Fairy Moves,,,Nature's Madness,,しぜんのいかり,,,
Fairy Moves,,,Play Rough,,じゃれつく,,,
Fairy Moves,,,Sparkly Swirl,,きらきらストーム,,,
Fairy Moves,,,Spirit Break,,ソウルクラッシュ,,,
Fairy Moves,,,Springtide Storm,,はるのあらし,,,
Fairy Moves,,,Strange Steam,,ワンダースチーム,,,
Fairy Moves,,,Sweet Kiss,,てんしのキッス,,,
Fairy Moves,,,Twinkle Tackle,,ラブリースターインパクト,,,
Fighting Moves,Pokémon Fighting Type Moves,0 - Vocab,All-Out Pummeling,,全力無双激烈拳,,,
Fighting Moves,,,Arm Thrust,,つっぱり,,,
Fighting Moves,,,Aura Sphere,,はどうだん,,,
Fighting Moves,,,Axe Kick,,かかとおとし,,,
Fighting Moves,,,Body Press,,ボディプレス,,,
Fighting Moves,,,Brick Break,,かわらわり,,,
Fighting Moves,,,Bulk Up,,ビルドアップ,,,
Fighting Moves,,,Circle Throw,,ともえなげ,,,
Fighting Moves,,,Close Combat,,インファイト,,,
Fighting Moves,,,Coaching,,コーチング,,,
Fighting Moves,,,Collision Course,,アクセルブレイク,,,
Fighting Moves,,,Counter,,カウンター,,,
Fighting Moves,,,Cross Chop,,クロスチョップ,,,
Fighting Moves,,,Detect,,みきり,,,
Fighting Moves,,,Double Kick,,にどげり,,,
Fighting Moves,,,Drain Punch,,ドレインパンチ,,,
Fighting Moves,,,Dynamic Punch,,ばくれつパンチ,,,
Fighting Moves,,,Final Gambit,,いのちがけ,,,
Fighting Moves,,,Flying Press,,フライングプレス,,,
Fighting Moves,,,Focus Blast,,きあいだま,,,
Fighting Moves,,,Focus Punch,,きあいパンチ,,,
Fighting Moves,,,Force Palm,,はっけい,,,
Fighting Moves,,,Hammer Arm,,アームハンマー,,,
Fighting Moves,,,High Jump Kick,,とびひざげり,,,
Fighting Moves,,,Jump Kick,,とびげり,,,
Fighting Moves,,,Karate Chop,,からてチョップ,,,
Fighting Moves,,,Low Kick,,けたぐり,,,
Fighting Moves,,,Low Sweep,,ローキック,,,
Fighting Moves,,,Mach Punch,,マッハパンチ,,,
Fighting Moves,,,Mat Block,,たたみがえし,,,
Fighting Moves,,,Max Knuckle,,ダイナックル,,,
Fighting Moves,,,Meteor Assault,,スターアサルト,,,
Fighting Moves,,,No Retreat,,はいすいのじん,,,
Fighting Moves,,,Octolock,,たこがため,,,
Fighting Moves,,,Power-Up Punch,,グロウパンチ,,,
Fighting Moves,,,Quick Guard,,ファストガード,,,
Fighting Moves,,,Revenge,,リベンジ,,,
Fighting Moves,,,Reversal,,きしかいせい,,,
Fighting Moves,,,Rock Smash,,いわくだき,,,
Fighting Moves,,,Rolling Kick,,まわしげり,,,
Fighting Moves,,,Sacred Sword,,せいなるつるぎ,,,
Fighting Moves,,,Secret Sword,,しんぴのつるぎ,,,
Fighting Moves,,,Seismic Toss,,ちきゅうなげ,,,
Fighting Moves,,,Sky Uppercut,,スカイアッパー,,,
Fighting Moves,,,Storm Throw,,やまあらし,,,
Fighting Moves,,,Submission,,じごくぐるま,,,
Fighting Moves,,,Superpower,,ばかぢから,,,
Fighting Moves,,,Thunderous Kick,,らいめいげり,,,
Fighting Moves,,,Triple Arrows,,３ぼんのや,,,
Fighting Moves,,,Triple Kick,,トリプルキック,,,
Fighting Moves,,,Upper Hand,,はやてがえし,,,
Fighting Moves,,,Vacuum Wave,,しんくうは,,,
Fighting Moves,,,Victory Dance,,しょうりのまい,,,
Fighting Moves,,,Vital Throw,,あてみなげ,,,
Fighting Moves,,,Wake-Up Slap,,めざましビンタ,,,
Fire Moves,Pokémon Fire Type Moves,0 - Vocab,Armor Cannon,,アーマーキャノン,,,
Fire Moves,,,Bitter Blade,,むねんのつるぎ,,,
Fire Moves,,,Blast Burn,,ブラストバーン,,,
Fire Moves,,,Blaze Kick,,ブレイズキック,,,
Fire Moves,,,Blue Flare,,あおいほのお,,,
Fire Moves,,,Burn Up,,もえつきる,,,
Fire Moves,,,Burning Bulwark,,かえんのまもり,,,
Fire Moves,,,Burning Jealousy,,しっとのほのお,,,
Fire Moves,,,Ember,,ひのこ,,,
Fire Moves,,,Eruption,,ふんか,,,
Fire Moves,,,Fiery Dance,,ほのおのまい,,,
Fire Moves,,,Fire Blast,,だいもんじ,,,
Fire Moves,,,Fire Fang,,ほのおのキバ,,,
Fire Moves,,,Fire Lash,,ほのおのムチ,,,
Fire Moves,,,Fire Pledge,,ほのおのちかい,,,
Fire Moves,,,Fire Punch,,ほのおのパンチ,,,
Fire Moves,,,Fire Spin,,ほのおのうず,,,
Fire Moves,,,Flame Burst,,はじけるほのお,,,
Fire Moves,,,Flame Charge,,ニトロチャージ,,,
Fire Moves,,,Flame Wheel,,かえんぐるま,,,
Fire Moves,,,Flamethrower,,かえんほうしゃ,,,
Fire Moves,,,Flare Blitz,,フレアドライブ,,,
Fire Moves,,,Fusion Flare,,クロスフレイム,,,
Fire Moves,,,Heat Crash,,ヒートスタンプ,,,
Fire Moves,,,Heat Wave,,ねっぷう,,,
Fire Moves,,,Incinerate,,やきつくす,,,
Fire Moves,,,Inferno,,れんごく,,,
Fire Moves,,,Inferno Overdrive,,ダイナミックフルフレイム,,,
Fire Moves,,,Lava Plume,,ふんえん,,,
Fire Moves,,,Magma Storm,,マグマストーム,,,
Fire Moves,,,Max Flare,,ダイバーン,,,
Fire Moves,,,Mind Blown,,ビックリヘッド,,,
Fire Moves,,,Mystical Fire,,マジカルフレイム,,,
Fire Moves,,,Overheat,,オーバーヒート,,,
Fire Moves,,,Pyro Ball,,かえんボール,,,
Fire Moves,,,Raging Fury,,だいふんげき,,,
Fire Moves,,,Sacred Fire,,せいなるほのお,,,
Fire Moves,,,Searing Shot,,かえんだん,,,
Fire Moves,,,Shell Trap,,トラップシェル,,,
Fire Moves,,,Sizzly Slide,,めらめらバーン,,,
Fire Moves,,,Sunny Day,,にほんばれ,,,
Fire Moves,,,Temper Flare,,やけっぱち,,,
Fire Moves,,,Torch Song,,フレアソング,,,
Fire Moves,,,V-create,,Ｖジェネレート,,,
Fire Moves,,,Will-O-Wisp,,おにび,,,
Flying Moves,Pokémon Flying Type Moves,0 - Vocab,Acrobatics,,アクロバット,,,
Flying Moves,,,Aerial Ace,,つばめがえし,,,
Flying Moves,,,Aeroblast,,エアロブラスト,,,
Flying Moves,,,Air Cutter,,エアカッター,,,
Flying Moves,,,Air Slash,,エアスラッシュ,,,
Flying Moves,,,Beak Blast,,くちばしキャノン,,,
Flying Moves,,,Bleakwind Storm,,こがらしあらし,,,
Flying Moves,,,Bounce,,とびはねる,,,
Flying Moves,,,Brave Bird,,ブレイブバード,,,
Flying Moves,,,Chatter,,おしゃべり,,,
Flying Moves,,,Defog,,きりばらい,,,
Flying Moves,,,Dragon Ascent,,ガリョウテンセイ,,,
Flying Moves,,,Drill Peck,,ドリルくちばし,,,
Flying Moves,,,Dual Wingbeat,,ダブルウイング,,,
Flying Moves,,,Feather Dance,,フェザーダンス,,,
Flying Moves,,,Floaty Fall,,ふわふわフォール,,,
Flying Moves,,,Fly,,そらをとぶ,,,
Flying Moves,,,Gust,,かぜおこし,,,
Flying Moves,,,Hurricane,,ぼうふう,,,
Flying Moves,,,Max Airstream,,ダイジェット,,,
Flying Moves,,,Mirror Move,,オウムがえし,,,
Flying Moves,,,Oblivion Wing,,デスウイング,,,
Flying Moves,,,Peck,,つつく,,,
Flying Moves,,,Pluck,,ついばむ,,,
Flying Moves,,,Roost,,はねやすめ,,,
Flying Moves,,,Sky Attack,,ゴッドバード,,,
Flying Moves,,,Sky Drop,,フリーフォール,,,
Flying Moves,,,Supersonic Skystrike,,ファイナルダイブクラッシュ,,,
Flying Moves,,,Tailwind,,おいかぜ,,,
Flying Moves,,,Wing Attack,,つばさでうつ,,,
Ghost Moves,Pokémon Ghost Type Moves,0 - Vocab,Astonish,,おどろかす,,,
Ghost Moves,,,Astral Barrage,,アストラルビット,,,
Ghost Moves,,,Bitter Malice,,うらみつらみ,,,
Ghost Moves,,,Confuse Ray,,あやしいひかり,,,
Ghost Moves,,,Curse,,のろい,,,
Ghost Moves,,,Destiny Bond,,みちづれ,,,
Ghost Moves,,,Grudge,,おんねん,,,
Ghost Moves,,,Hex,,たたりめ,,,
Ghost Moves,,,Infernal Parade,,ひゃっきやこう,,,
Ghost Moves,,,Last Respects,,おはかまいり,,,
Ghost Moves,,,Lick,,したでなめる,,,
Ghost Moves,,,Max Phantasm,,ダイホロウ,,,
Ghost Moves,,,Menacing Moonraze Maelstrom,,ムーンライトブラスター,,,
Ghost Moves,,,Moongeist Beam,,シャドーレイ,,,
Ghost Moves,,,Never-Ending Nightmare,,無限暗夜への誘い,,,
Ghost Moves,,,Night Shade,,ナイトヘッド,,,
Ghost Moves,,,Nightmare,,あくむ,,,
Ghost Moves,,,Ominous Wind,,あやしいかぜ,,,
Ghost Moves,,,Phantom Force,,ゴーストダイブ,,,
Ghost Moves,,,Poltergeist,,ポルターガイスト,,,
Ghost Moves,,,Rage Fist,,ふんどのこぶし,,,
Ghost Moves,,,Shadow Ball,,シャドーボール,,,
Ghost Moves,,,Shadow Bone,,シャドーボーン,,,
Ghost Moves,,,Shadow Claw,,シャドークロー,,,
Ghost Moves,,,Shadow Force,,シャドーダイブ,,,
Ghost Moves,,,Shadow Punch,,シャドーパンチ,,,
Ghost Moves,,,Shadow Sneak,,かげうち,,,
Ghost Moves,,,Sinister Arrow Raid,,シャドーアローズストライク,,,
Ghost Moves,,,Soul-Stealing 7-Star Strike,,七星奪魂腿,,,
Ghost Moves,,,Spectral Thief,,シャドースチール,,,
Ghost Moves,,,Spirit Shackle,,かげぬい,,,
Ghost Moves,,,Spite,,うらみ,,,
Ghost Moves,,,Trick-or-Treat,,ハロウィン,,,
Grass Moves,Pokémon Grass Type Moves,0 - Vocab,Absorb,,すいとる,,,
Grass Moves,,,Apple Acid,,りんごさん,,,
Grass Moves,,,Aromatherapy,,アロマセラピー,,,
Grass Moves,,,Bloom Doom,,ブルームシャインエクストラ,,,
Grass Moves,,,Branch Poke,,えだづき,,,
Grass Moves,,,Bullet Seed,,タネマシンガン,,,
Grass Moves,,,Chloroblast,,クロロブラスト,,,
Grass Moves,,,Cotton Guard,,コットンガード,,,
Grass Moves,,,Cotton Spore,,わたほうし,,,
Grass Moves,,,Drum Beating,,ドラムアタック,,,
Grass Moves,,,Energy Ball,,エナジーボール,,,
Grass Moves,,,Flower Trick,,トリックフラワー,,,
Grass Moves,,,Forest's Curse,,もりののろい,,,
Grass Moves,,,Frenzy Plant,,ハードプラント,,,
Grass Moves,,,Giga Drain,,ギガドレイン,,,
Grass Moves,,,Grass Knot,,くさむすび,,,
Grass Moves,,,Grass Pledge,,くさのちかい,,,
Grass Moves,,,Grass Whistle,,くさぶえ,,,
Grass Moves,,,Grassy Glide,,グラススライダー,,,
Grass Moves,,,Grassy Terrain,,グラスフィールド,,,
Grass Moves,,,Grav Apple,,Ｇのちから,,,
Grass Moves,,,Horn Leech,,ウッドホーン,,,
Grass Moves,,,Ingrain,,ねをはる,,,
Grass Moves,,,Ivy Cudgel,,ツタこんぼう,,,
Grass Moves,,,Jungle Healing,,ジャングルヒール,,,
Grass Moves,,,Leaf Blade,,リーフブレード,,,
Grass Moves,,,Leaf Storm,,リーフストーム,,,
Grass Moves,,,Leaf Tornado,,グラスミキサー,,,
Grass Moves,,,Leafage,,このは,,,
Grass Moves,,,Leech Seed,,やどりぎのタネ,,,
Grass Moves,,,Magical Leaf,,マジカルリーフ,,,
Grass Moves,,,Matcha Gotcha,,シャカシャカほう,,,
Grass Moves,,,Max Overgrowth,,ダイソウゲン,,,
Grass Moves,,,Mega Drain,,メガドレイン,,,
Grass Moves,,,Needle Arm,,ニードルアーム,,,
Grass Moves,,,Petal Blizzard,,はなふぶき,,,
Grass Moves,,,Petal Dance,,はなびらのまい,,,
Grass Moves,,,Power Whip,,パワーウィップ,,,
Grass Moves,,,Razor Leaf,,はっぱカッター,,,
Grass Moves,,,Sappy Seed,,すくすくボンバー,,,
Grass Moves,,,Seed Bomb,,タネばくだん,,,
Grass Moves,,,Seed Flare,,シードフレア,,,
Grass Moves,,,Sleep Powder,,ねむりごな,,,
Grass Moves,,,Snap Trap,,トラバサミ,,,
Grass Moves,,,Solar Beam,,ソーラービーム,,,
Grass Moves,,,Solar Blade,,ソーラーブレード,,,
Grass Moves,,,Spicy Extract,,ハバネロエキス,,,
Grass Moves,,,Spiky Shield,,ニードルガード,,,
Grass Moves,,,Spore,,キノコのほうし,,,
Grass Moves,,,Strength Sap,,ちからをすいとる,,,
Grass Moves,,,Stun Spore,,しびれごな,,,
Grass Moves,,,Synthesis,,こうごうせい,,,
Grass Moves,,,Syrup Bomb,,みずあめボム,,,
Grass Moves,,,Trailblaze,,くさわけ,,,
Grass Moves,,,Trop Kick,,トロピカルキック,,,
Grass Moves,,,Vine Whip,,つるのムチ,,,
Grass Moves,,,Wood Hammer,,ウッドハンマー,,,
Grass Moves,,,Worry Seed,,なやみのタネ,,,
Ground Moves,Pokémon Ground Type Moves,0 - Vocab,Bone Club,,ホネこんぼう,,,
Ground Moves,,,Bone Rush,,ボーンラッシュ,,,
Ground Moves,,,Bonemerang,,ホネブーメラン,,,
Ground Moves,,,Bulldoze,,じならし,,,
Ground Moves,,,Dig,,あなをほる,,,
Ground Moves,,,Drill Run,,ドリルライナー,,,
Ground Moves,,,Earth Power,,だいちのちから,,,
Ground Moves,,,Earthquake,,じしん,,,
Ground Moves,,,Fissure,,じわれ,,,
Ground Moves,,,Headlong Rush,,ぶちかまし,,,
Ground Moves,,,High Horsepower,,１０まんばりき,,,
Ground Moves,,,Land's Wrath,,グランドフォース,,,
Ground Moves,,,Magnitude,,マグニチュード,,,
Ground Moves,,,Max Quake,,ダイアース,,,
Ground Moves,,,Mud Bomb,,どろばくだん,,,
Ground Moves,,,Mud Shot,,マッドショット,,,
Ground Moves,,,Mud Sport,,どろあそび,,,
Ground Moves,,,Mud-Slap,,どろかけ,,,
Ground Moves,,,Precipice Blades,,だんがいのつるぎ,,,
Ground Moves,,,Rototiller,,たがやす,,,
Ground Moves,,,Sand Attack,,すなかけ,,,
Ground Moves,,,Sand Tomb,,すなじごく,,,
Ground Moves,,,Sandsear Storm,,ねっさのあらし,,,
Ground Moves,,,Scorching Sands,,ねっさのだいち,,,
Ground Moves,,,Shore Up,,すなあつめ,,,
Ground Moves,,,Spikes,,まきびし,,,
Ground Moves,,,Stomping Tantrum,,じだんだ,,,
Ground Moves,,,Tectonic Rage,,ライジングランドオーバー,,,
Ground Moves,,,Thousand Arrows,,サウザンアロー,,,
Ground Moves,,,Thousand Waves,,サウザンウェーブ,,,
Ice Moves,Pokémon Ice Type Moves,0 - Vocab,Aurora Beam,,オーロラビーム,,,
Ice Moves,,,Aurora Veil,,オーロラベール,,,
Ice Moves,,,Avalanche,,ゆきなだれ,,,
Ice Moves,,,Blizzard,,ふぶき,,,
Ice Moves,,,Chilly Reception,,さむいギャグ,,,
Ice Moves,,,Freeze Shock,,フリーズボルト,,,
Ice Moves,,,Freeze-Dry,,フリーズドライ,,,
Ice Moves,,,Freezy Frost,,こちこちフロスト,,,
Ice Moves,,,Frost Breath,,こおりのいぶき,,,
Ice Moves,,,Glacial Lance,,ブリザードランス,,,
Ice Moves,,,Glaciate,,こごえるせかい,,,
Ice Moves,,,Hail,,あられ,,,
Ice Moves,,,Haze,,くろいきり,,,
Ice Moves,,,Ice Ball,,アイスボール,,,
Ice Moves,,,Ice Beam,,れいとうビーム,,,
Ice Moves,,,Ice Burn,,コールドフレア,,,
Ice Moves,,,Ice Fang,,こおりのキバ,,,
Ice Moves,,,Ice Hammer,,アイスハンマー,,,
Ice Moves,,,Ice Punch,,れいとうパンチ,,,
Ice Moves,,,Ice Shard,,こおりのつぶて,,,
Ice Moves,,,Ice Spinner,,アイススピナー,,,
Ice Moves,,,Icicle Crash,,つららおとし,,,
Ice Moves,,,Icicle Spear,,つららばり,,,
Ice Moves,,,Icy Wind,,こごえるかぜ,,,
Ice Moves,,,Max Hailstorm,,ダイアイス,,,
Ice Moves,,,Mist,,しろいきり,,,
Ice Moves,,,Mountain Gale,,ひょうざんおろし,,,
Ice Moves,,,Powder Snow,,こなゆき,,,
Ice Moves,,,Sheer Cold,,ぜったいれいど,,,
Ice Moves,,,Snowscape,,ゆきげしき,,,
Ice Moves,,,Subzero Slammer,,レイジングジオフリーズ,,,
Ice Moves,,,Triple Axel,,トリプルアクセル,,,
Normal Moves,Pokémon Normal Type Moves,0 - Vocab,Acupressure,,つぼをつく,,,
Normal Moves,,,After You,,おさきにどうぞ,,,
Normal Moves,,,Assist,,ねこのて,,,
Normal Moves,,,Attract,,メロメロ,,,
Normal Moves,,,Barrage,,たまなげ,,,
Normal Moves,,,Baton Pass,,バトンタッチ,,,
Normal Moves,,,Belly Drum,,はらだいこ,,,
Normal Moves,,,Bestow,,ギフトパス,,,
Normal Moves,,,Bide,,がまん,,,
Normal Moves,,,Bind,,しめつける,,,
Normal Moves,,,Block,,とおせんぼう,,,
Normal Moves,,,Blood Moon,,ブラッドムーン,,,
Normal Moves,,,Body Slam,,のしかかり,,,
Normal Moves,,,Boomburst,,ばくおんぱ,,,
Normal Moves,,,Breakneck Blitz,,ウルトラダッシュアタック,,,
Normal Moves,,,Camouflage,,ほごしょく,,,
Normal Moves,,,Captivate,,ゆうわく,,,
Normal Moves,,,Celebrate,,おいわい,,,
Normal Moves,,,Chip Away,,なしくずし,,,
Normal Moves,,,Comet Punch,,れんぞくパンチ,,,
Normal Moves,,,Confide,,ないしょばなし,,,
Normal Moves,,,Constrict,,からみつく,,,
Normal Moves,,,Conversion,,テクスチャー,,,
Normal Moves,,,Conversion 2,,テクスチャー２,,,
Normal Moves,,,Copycat,,まねっこ,,,
Normal Moves,,,Court Change,,コートチェンジ,,,
Normal Moves,,,Covet,,ほしがる,,,
Normal Moves,,,Crush Claw,,ブレイククロー,,,
Normal Moves,,,Crush Grip,,にぎりつぶす,,,
Normal Moves,,,Cut,,いあいぎり,,,
Normal Moves,,,Defense Curl,,まるくなる,,,
Normal Moves,,,Disable,,かなしばり,,,
Normal Moves,,,Dizzy Punch,,ピヨピヨパンチ,,,
Normal Moves,,,Doodle,,うつしえ,,,
Normal Moves,,,Double Hit,,ダブルアタック,,,
Normal Moves,,,Double Slap,,おうふくビンタ,,,
Normal Moves,,,Double Team,,かげぶんしん,,,
Normal Moves,,,Double-Edge,,すてみタックル,,,
Normal Moves,,,Echoed Voice,,エコーボイス,,,
Normal Moves,,,Egg Bomb,,タマゴばくだん,,,
Normal Moves,,,Encore,,アンコール,,,
Normal Moves,,,Endeavor,,がむしゃら,,,
Normal Moves,,,Endure,,こらえる,,,
Normal Moves,,,Entrainment,,なかまづくり,,,
Normal Moves,,,Explosion,,だいばくはつ,,,
Normal Moves,,,Extreme Evoboost,,ナインエボルブースト,,,
Normal Moves,,,Extreme Speed,,しんそく,,,
Normal Moves,,,Facade,,からげんき,,,
Normal Moves,,,Fake Out,,ねこだまし,,,
Normal Moves,,,False Swipe,,みねうち,,,
Normal Moves,,,Feint,,フェイント,,,
Normal Moves,,,Fillet Away,,みをけずる,,,
Normal Moves,,,Flail,,じたばた,,,
Normal Moves,,,Flash,,フラッシュ,,,
Normal Moves,,,Focus Energy,,きあいだめ,,,
Normal Moves,,,Follow Me,,このゆびとまれ,,,
Normal Moves,,,Foresight,,みやぶる,,,
Normal Moves,,,Frustration,,やつあたり,,,
Normal Moves,,,Fury Attack,,みだれづき,,,
Normal Moves,,,Fury Swipes,,みだれひっかき,,,
Normal Moves,,,Giga Impact,,ギガインパクト,,,
Normal Moves,,,Glare,,へびにらみ,,,
Normal Moves,,,Growl,,なきごえ,,,
Normal Moves,,,Growth,,せいちょう,,,
Normal Moves,,,Guillotine,,ハサミギロチン,,,
Normal Moves,,,Happy Hour,,ハッピータイム,,,
Normal Moves,,,Harden,,かたくなる,,,
Normal Moves,,,Head Charge,,アフロブレイク,,,
Normal Moves,,,Headbutt,,ずつき,,,
Normal Moves,,,Heal Bell,,いやしのすず,,,
Normal Moves,,,Helping Hand,,てだすけ,,,
Normal Moves,,,Hidden Power,,めざめるパワー,,,
Normal Moves,,,Hold Back,,てかげん,,,
Normal Moves,,,Hold Hands,,てをつなぐ,,,
Normal Moves,,,Horn Attack,,つのでつく,,,
Normal Moves,,,Horn Drill,,つのドリル,,,
Normal Moves,,,Howl,,とおぼえ,,,
Normal Moves,,,Hyper Beam,,はかいこうせん,,,
Normal Moves,,,Hyper Drill,,ハイパードリル,,,
Normal Moves,,,Hyper Fang,,ひっさつまえば,,,
Normal Moves,,,Hyper Voice,,ハイパーボイス,,,
Normal Moves,,,Judgment,,さばきのつぶて,,,
Normal Moves,,,Laser Focus,,とぎすます,,,
Normal Moves,,,Last Resort,,とっておき,,,
Normal Moves,,,Leer,,にらみつける,,,
Normal Moves,,,Lock-On,,ロックオン,,,
Normal Moves,,,Lovely Kiss,,あくまのキッス,,,
Normal Moves,,,Lucky Chant,,おまじない,,,
Normal Moves,,,Max Guard,,ダイウォール,,,
Normal Moves,,,Max Strike,,ダイアタック,,,
Normal Moves,,,Me First,,さきどり,,,
Normal Moves,,,Mean Look,,くろいまなざし,,,
Normal Moves,,,Mega Kick,,メガトンキック,,,
Normal Moves,,,Mega Punch,,メガトンパンチ,,,
Normal Moves,,,Metronome,,ゆびをふる,,,
Normal Moves,,,Milk Drink,,ミルクのみ,,,
Normal Moves,,,Mimic,,ものまね,,,
Normal Moves,,,Mind Reader,,こころのめ,,,
Normal Moves,,,Minimize,,ちいさくなる,,,
Normal Moves,,,Morning Sun,,あさのひざし,,,
Normal Moves,,,Multi-Attack,,マルチアタック,,,
Normal Moves,,,Natural Gift,,しぜんのめぐみ,,,
Normal Moves,,,Nature Power,,しぜんのちから,,,
Normal Moves,,,Noble Roar,,おたけび,,,
Normal Moves,,,Odor Sleuth,,かぎわける,,,
Normal Moves,,,Pain Split,,いたみわけ,,,
Normal Moves,,,Pay Day,,ネコにこばん,,,
Normal Moves,,,Perish Song,,ほろびのうた,,,
Normal Moves,,,Play Nice,,なかよくする,,,
Normal Moves,,,Population Bomb,,ネズミざん,,,
Normal Moves,,,Pound,,はたく,,,
Normal Moves,,,Power Shift,,パワーシフト,,,
Normal Moves,,,Present,,プレゼント,,,
Normal Moves,,,Protect,,まもる,,,
Normal Moves,,,Psych Up,,じこあんじ,,,
Normal Moves,,,Pulverizing Pancake,,ほんきをだすこうげき,,,
Normal Moves,,,Quick Attack,,でんこうせっか,,,
Normal Moves,,,Rage,,いかり,,,
Normal Moves,,,Raging Bull,,レイジングブル,,,
Normal Moves,,,Rapid Spin,,こうそくスピン,,,
Normal Moves,,,Razor Wind,,かまいたち,,,
Normal Moves,,,Recover,,じこさいせい,,,
Normal Moves,,,Recycle,,リサイクル,,,
Normal Moves,,,Reflect Type,,ミラータイプ,,,
Normal Moves,,,Refresh,,リフレッシュ,,,
Normal Moves,,,Relic Song,,いにしえのうた,,,
Normal Moves,,,Retaliate,,かたきうち,,,
Normal Moves,,,Return,,おんがえし,,,
Normal Moves,,,Revelation Dance,,めざめるダンス,,,
Normal Moves,,,Revival Blessing,,さいきのいのり,,,
Normal Moves,,,Roar,,ほえる,,,
Normal Moves,,,Rock Climb,,ロッククライム,,,
Normal Moves,,,Round,,りんしょう,,,
Normal Moves,,,Safeguard,,しんぴのまもり,,,
Normal Moves,,,Scary Face,,こわいかお,,,
Normal Moves,,,Scratch,,ひっかく,,,
Normal Moves,,,Screech,,いやなおと,,,
Normal Moves,,,Secret Power,,ひみつのちから,,,
Normal Moves,,,Self-Destruct,,じばく,,,
Normal Moves,,,Sharpen,,かくばる,,,
Normal Moves,,,Shed Tail,,しっぽきり,,,
Normal Moves,,,Shell Smash,,からをやぶる,,,
Normal Moves,,,Simple Beam,,シンプルビーム,,,
Normal Moves,,,Sing,,うたう,,,
Normal Moves,,,Sketch,,スケッチ,,,
Normal Moves,,,Skull Bash,,ロケットずつき,,,
Normal Moves,,,Slack Off,,なまける,,,
Normal Moves,,,Slam,,たたきつける,,,
Normal Moves,,,Slash,,きりさく,,,
Normal Moves,,,Sleep Talk,,ねごと,,,
Normal Moves,,,Smelling Salts,,きつけ,,,
Normal Moves,,,Smokescreen,,えんまく,,,
Normal Moves,,,Snore,,いびき,,,
Normal Moves,,,Soft-Boiled,,タマゴうみ,,,
Normal Moves,,,Sonic Boom,,ソニックブーム,,,
Normal Moves,,,Spike Cannon,,とげキャノン,,,
Normal Moves,,,Spit Up,,はきだす,,,
Normal Moves,,,Splash,,はねる,,,
Normal Moves,,,Spotlight,,スポットライト,,,
Normal Moves,,,Stockpile,,たくわえる,,,
Normal Moves,,,Stomp,,ふみつけ,,,
Normal Moves,,,Strength,,かいりき,,,
Normal Moves,,,Struggle,,わるあがき,,,
Normal Moves,,,Stuff Cheeks,,ほおばる,,,
Normal Moves,,,Substitute,,みがわり,,,
Normal Moves,,,Super Fang,,いかりのまえば,,,
Normal Moves,,,Supersonic,,ちょうおんぱ,,,
Normal Moves,,,Swagger,,いばる,,,
Normal Moves,,,Swallow,,のみこむ,,,
Normal Moves,,,Sweet Scent,,あまいかおり,,,
Normal Moves,,,Swift,,スピードスター,,,
Normal Moves,,,Swords Dance,,つるぎのまい,,,
Normal Moves,,,Tackle,,たいあたり,,,
Normal Moves,,,Tail Slap,,スイープビンタ,,,
Normal Moves,,,Tail Whip,,しっぽをふる,,,
Normal Moves,,,Take Down,,とっしん,,,
Normal Moves,,,Tearful Look,,なみだめ,,,
Normal Moves,,,Teatime,,おちゃかい,,,
Normal Moves,,,Techno Blast,,テクノバスター,,,
Normal Moves,,,Teeter Dance,,フラフラダンス,,,
Normal Moves,,,Tera Blast,,テラバースト,,,
Normal Moves,,,Tera Starstorm,,テラクラスター,,,
Normal Moves,,,Terrain Pulse,,だいちのはどう,,,
Normal Moves,,,Thrash,,あばれる,,,
Normal Moves,,,Tickle,,くすぐる,,,
Normal Moves,,,Tidy Up,,おかたづけ,,,
Normal Moves,,,Transform,,へんしん,,,
Normal Moves,,,Tri Attack,,トライアタック,,,
Normal Moves,,,Trump Card,,きりふだ,,,
Normal Moves,,,Uproar,,さわぐ,,,
Normal Moves,,,Veevee Volley,,ブイブイブレイク,,,
Normal Moves,,,Vise Grip,,はさむ,,,
Normal Moves,,,Weather Ball,,ウェザーボール,,,
Normal Moves,,,Whirlwind,,ふきとばし,,,
Normal Moves,,,Wish,,ねがいごと,,,
Normal Moves,,,Work Up,,ふるいたてる,,,
Normal Moves,,,Wrap,,まきつく,,,
Normal Moves,,,Wring Out,,しぼりとる,,,
Normal Moves,,,Yawn,,あくび,,,
Poison Moves,Pokémon Poison Type Moves,0 - Vocab,Acid,,ようかいえき,,,
Poison Moves,,,Acid Armor,,とける,,,
Poison Moves,,,Acid Downpour,,アシッドポイズンデリート,,,
Poison Moves,,,Acid Spray,,アシッドボム,,,
Poison Moves,,,Baneful Bunker,,トーチカ,,,
Poison Moves,,,Barb Barrage,,どくばりセンボン,,,
Poison Moves,,,Belch,,ゲップ,,,
Poison Moves,,,Clear Smog,,クリアスモッグ,,,
Poison Moves,,,Coil,,とぐろをまく,,,
Poison Moves,,,Corrosive Gas,,ふしょくガス,,,
Poison Moves,,,Cross Poison,,クロスポイズン,,,
Poison Moves,,,Dire Claw,,フェイタルクロー,,,
Poison Moves,,,Gastro Acid,,いえき,,,
Poison Moves,,,Gunk Shot,,ダストシュート,,,
Poison Moves,,,Malignant Chain,,じゃどくのくさり,,,
Poison Moves,,,Max Ooze,,ダイアシッド,,,
Poison Moves,,,Mortal Spin,,キラースピン,,,
Poison Moves,,,Poison Fang,,どくどくのキバ,,,
Poison Moves,,,Poison Gas,,どくガス,,,
Poison Moves,,,Poison Jab,,どくづき,,,
Poison Moves,,,Poison Powder,,どくのこな,,,
Poison Moves,,,Poison Sting,,どくばり,,,
Poison Moves,,,Poison Tail,,ポイズンテール,,,
Poison Moves,,,Purify,,じょうか,,,
Poison Moves,,,Shell Side Arm,,シェルアームズ,,,
Poison Moves,,,Sludge,,ヘドロこうげき,,,
Poison Moves,,,Sludge Bomb,,ヘドロばくだん,,,
Poison Moves,,,Sludge Wave,,ヘドロウェーブ,,,
Poison Moves,,,Smog,,スモッグ,,,
Poison Moves,,,Toxic,,どくどく,,,
Poison Moves,,,Toxic Spikes,,どくびし,,,
Poison Moves,,,Toxic Thread,,どくのいと,,,
Poison Moves,,,Venom Drench,,ベノムトラップ,,,
Poison Moves,,,Venoshock,,ベノムショック,,,
Psychic Moves,Pokémon Psychic Type Moves,0 - Vocab,Agility,,こうそくいどう,,,
Psychic Moves,,,Ally Switch,,サイドチェンジ,,,
Psychic Moves,,,Amnesia,,ドわすれ,,,
Psychic Moves,,,Barrier,,バリアー,,,
Psychic Moves,,,Calm Mind,,めいそう,,,
Psychic Moves,,,Confusion,,ねんりき,,,
Psychic Moves,,,Cosmic Power,,コスモパワー,,,
Psychic Moves,,,Dream Eater,,ゆめくい,,,
Psychic Moves,,,Eerie Spell,,ぶきみなじゅもん,,,
Psychic Moves,,,Esper Wing,,オーラウイング,,,
Psychic Moves,,,Expanding Force,,ワイドフォース,,,
Psychic Moves,,,Extrasensory,,じんつうりき,,,
Psychic Moves,,,Freezing Glare,,いてつくしせん,,,
Psychic Moves,,,Future Sight,,みらいよち,,,
Psychic Moves,,,Genesis Supernova,,オリジンズスーパーノヴァ,,,
Psychic Moves,,,Glitzy Glow,,どばどばオーラ,,,
Psychic Moves,,,Gravity,,じゅうりょく,,,
Psychic Moves,,,Guard Split,,ガードシェア,,,
Psychic Moves,,,Guard Swap,,ガードスワップ,,,
Psychic Moves,,,Heal Block,,かいふくふうじ,,,
Psychic Moves,,,Heal Pulse,,いやしのはどう,,,
Psychic Moves,,,Healing Wish,,いやしのねがい,,,
Psychic Moves,,,Heart Stamp,,ハートスタンプ,,,
Psychic Moves,,,Heart Swap,,ハートスワップ,,,
Psychic Moves,,,Hyperspace Hole,,いじげんホール,,,
Psychic Moves,,,Hypnosis,,さいみんじゅつ,,,
Psychic Moves,,,Imprison,,ふういん,,,
Psychic Moves,,,Instruct,,さいはい,,,
Psychic Moves,,,Kinesis,,スプーンまげ,,,
Psychic Moves,,,Light Screen,,ひかりのかべ,,,
Psychic Moves,,,Light That Burns the Sky,,天焦がす滅亡の光,,,
Psychic Moves,,,Lumina Crash,,ルミナコリジョン,,,
Psychic Moves,,,Lunar Blessing,,みかづきのいのり,,,
Psychic Moves,,,Lunar Dance,,みかづきのまい,,,
Psychic Moves,,,Luster Purge,,ラスターパージ,,,
Psychic Moves,,,Magic Coat,,マジックコート,,,
Psychic Moves,,,Magic Powder,,まほうのこな,,,
Psychic Moves,,,Magic Room,,マジックルーム,,,
Psychic Moves,,,Max Mindstorm,,ダイサイコ,,,
Psychic Moves,,,Meditate,,ヨガのポーズ,,,
Psychic Moves,,,Miracle Eye,,ミラクルアイ,,,
Psychic Moves,,,Mirror Coat,,ミラーコート,,,
Psychic Moves,,,Mist Ball,,ミストボール,,,
Psychic Moves,,,Mystical Power,,しんぴのちから,,,
Psychic Moves,,,Photon Geyser,,フォトンゲイザー,,,
Psychic Moves,,,Power Split,,パワーシェア,,,
Psychic Moves,,,Power Swap,,パワースワップ,,,
Psychic Moves,,,Power Trick,,パワートリック,,,
Psychic Moves,,,Prismatic Laser,,プリズムレーザー,,,
Psychic Moves,,,Psybeam,,サイケこうせん,,,
Psychic Moves,,,Psyblade,,サイコブレイド,,,
Psychic Moves,,,Psychic,,サイコキネシス,,,
Psychic Moves,,,Psychic Fangs,,サイコファング,,,
Psychic Moves,,,Psychic Noise,,サイコノイズ,,,
Psychic Moves,,,Psychic Terrain,,サイコフィールド,,,
Psychic Moves,,,Psycho Boost,,サイコブースト,,,
Psychic Moves,,,Psycho Cut,,サイコカッター,,,
Psychic Moves,,,Psycho Shift,,サイコシフト,,,
Psychic Moves,,,Psyshield Bash,,バリアーラッシュ,,,
Psychic Moves,,,Psyshock,,サイコショック,,,
Psychic Moves,,,Psystrike,,サイコブレイク,,,
Psychic Moves,,,Psywave,,サイコウェーブ,,,
Psychic Moves,,,Reflect,,リフレクター,,,
Psychic Moves,,,Rest,,ねむる,,,
Psychic Moves,,,Role Play,,なりきり,,,
Psychic Moves,,,Shattered Psyche,,マキシマムサイブレイカー,,,
Psychic Moves,,,Skill Swap,,スキルスワップ,,,
Psychic Moves,,,Speed Swap,,スピードスワップ,,,
Psychic Moves,,,Stored Power,,アシストパワー,,,
Psychic Moves,,,Synchronoise,,シンクロノイズ,,,
Psychic Moves,,,Take Heart,,ブレイブチャージ,,,
Psychic Moves,,,Telekinesis,,テレキネシス,,,
Psychic Moves,,,Teleport,,テレポート,,,
Psychic Moves,,,Trick,,トリック,,,
Psychic Moves,,,Trick Room,,トリックルーム,,,
Psychic Moves,,,Twin Beam,,ツインビーム,,,
Psychic Moves,,,Wonder Room,,ワンダールーム,,,
Psychic Moves,,,Zen Headbutt,,しねんのずつき,,,
Rock Moves,Pokémon Rock Type Moves,0 - Vocab,Accelerock,,アクセルロック,,,
Rock Moves,,,Ancient Power,,げんしのちから,,,
Rock Moves,,,Continental Crush,,ワールドエンドフォール,,,
Rock Moves,,,Diamond Storm,,ダイヤストーム,,,
Rock Moves,,,Head Smash,,もろはのずつき,,,
Rock Moves,,,Max Rockfall,,ダイロック,,,
Rock Moves,,,Meteor Beam,,メテオビーム,,,
Rock Moves,,,Mighty Cleave,,パワフルエッジ,,,
Rock Moves,,,Power Gem,,パワージェム,,,
Rock Moves,,,Rock Blast,,ロックブラスト,,,
Rock Moves,,,Rock Polish,,ロックカット,,,
Rock Moves,,,Rock Slide,,いわなだれ,,,
Rock Moves,,,Rock Throw,,いわおとし,,,
Rock Moves,,,Rock Tomb,,がんせきふうじ,,,
Rock Moves,,,Rock Wrecker,,がんせきほう,,,
Rock Moves,,,Rollout,,ころがる,,,
Rock Moves,,,Salt Cure,,しおづけ,,,
Rock Moves,,,Sandstorm,,すなあらし,,,
Rock Moves,,,Smack Down,,うちおとす,,,
Rock Moves,,,Splintered Stormshards,,ラジアルエッジストーム,,,
Rock Moves,,,Stealth Rock,,ステルスロック,,,
Rock Moves,,,Stone Axe,,がんせきアックス,,,
Rock Moves,,,Stone Edge,,ストーンエッジ,,,
Rock Moves,,,Tar Shot,,タールショット,,,
Rock Moves,,,Wide Guard,,ワイドガード,,,
Steel Moves,Pokémon Steel Type Moves,0 - Vocab,Anchor Shot,,アンカーショット,,,
Steel Moves,,,Autotomize,,ボディパージ,,,
Steel Moves,,,Behemoth Bash,,きょじゅうだん,,,
Steel Moves,,,Behemoth Blade,,きょじゅうざん,,,
Steel Moves,,,Bullet Punch,,バレットパンチ,,,
Steel Moves,,,Corkscrew Crash,,超絶螺旋連撃,,,
Steel Moves,,,Doom Desire,,はめつのねがい,,,
Steel Moves,,,Double Iron Bash,,ダブルパンツァー,,,
Steel Moves,,,Flash Cannon,,ラスターカノン,,,
Steel Moves,,,Gear Grind,,ギアソーサー,,,
Steel Moves,,,Gear Up,,アシストギア,,,
Steel Moves,,,Gigaton Hammer,,デカハンマー,,,
Steel Moves,,,Gyro Ball,,ジャイロボール,,,
Steel Moves,,,Hard Press,,ハードプレス,,,
Steel Moves,,,Heavy Slam,,ヘビーボンバー,,,
Steel Moves,,,Iron Defense,,てっぺき,,,
Steel Moves,,,Iron Head,,アイアンヘッド,,,
Steel Moves,,,Iron Tail,,アイアンテール,,,
Steel Moves,,,King's Shield,,キングシールド,,,
Steel Moves,,,Magnet Bomb,,マグネットボム,,,
Steel Moves,,,Make It Rain,,ゴールドラッシュ,,,
Steel Moves,,,Max Steelspike,,ダイスチル,,,
Steel Moves,,,Metal Burst,,メタルバースト,,,
Steel Moves,,,Metal Claw,,メタルクロー,,,
Steel Moves,,,Metal Sound,,きんぞくおん,,,
Steel Moves,,,Meteor Mash,,コメットパンチ,,,
Steel Moves,,,Mirror Shot,,ミラーショット,,,
Steel Moves,,,Searing Sunraze Smash,,サンシャインスマッシャー,,,
Steel Moves,,,Shelter,,たてこもる,,,
Steel Moves,,,Shift Gear,,ギアチェンジ,,,
Steel Moves,,,Smart Strike,,スマートホーン,,,
Steel Moves,,,Spin Out,,ホイールスピン,,,
Steel Moves,,,Steel Beam,,てっていこうせん,,,
Steel Moves,,,Steel Roller,,アイアンローラー,,,
Steel Moves,,,Steel Wing,,はがねのつばさ,,,
Steel Moves,,,Sunsteel Strike,,メテオドライブ,,,
Steel Moves,,,Tachyon Cutter,,タキオンカッター,,,
Water Moves,Pokémon Water Type Moves,0 - Vocab,Aqua Cutter,,アクアカッター,,,
Water Moves,,,Aqua Jet,,アクアジェット,,,
Water Moves,,,Aqua Ring,,アクアリング,,,
Water Moves,,,Aqua Step,,アクアステップ,,,
Water Moves,,,Aqua Tail,,アクアテール,,,
Water Moves,,,Bouncy Bubble,,いきいきバブル,,,
Water Moves,,,Brine,,しおみず,,,
Water Moves,,,Bubble,,あわ,,,
Water Moves,,,Bubble Beam,,バブルこうせん,,,
Water Moves,,,Chilling Water,,ひやみず,,,
Water Moves,,,Clamp,,からではさむ,,,
Water Moves,,,Crabhammer,,クラブハンマー,,,
Water Moves,,,Dive,,ダイビング,,,
Water Moves,,,Fishious Rend,,エラがみ,,,
Water Moves,,,Flip Turn,,クイックターン,,,
Water Moves,,,Hydro Cannon,,ハイドロカノン,,,
Water Moves,,,Hydro Pump,,ハイドロポンプ,,,
Water Moves,,,Hydro Steam,,ハイドロスチーム,,,
Water Moves,,,Hydro Vortex,,スーパーアクアトルネード,,,
Water Moves,,,Jet Punch,,ジェットパンチ,,,
Water Moves,,,Life Dew,,いのちのしずく,,,
Water Moves,,,Liquidation,,アクアブレイク,,,
Water Moves,,,Max Geyser,,ダイストリーム,,,
Water Moves,,,Muddy Water,,だくりゅう,,,
Water Moves,,,Oceanic Operetta,,わだつみのシンフォニア,,,
Water Moves,,,Octazooka,,オクタンほう,,,
Water Moves,,,Origin Pulse,,こんげんのはどう,,,
Water Moves,,,Rain Dance,,あまごい,,,
Water Moves,,,Razor Shell,,シェルブレード,,,
Water Moves,,,Scald,,ねっとう,,,
Water Moves,,,Snipe Shot,,ねらいうち,,,
Water Moves,,,Soak,,みずびたし,,,
Water Moves,,,Sparkling Aria,,うたかたのアリア,,,
Water Moves,,,Splishy Splash,,ざぶざぶサーフ,,,
Water Moves,,,Steam Eruption,,スチームバースト,,,
Water Moves,,,Surf,,なみのり,,,
Water Moves,,,Surging Strikes,,すいりゅうれんだ,,,
Water Moves,,,Triple Dive,,トリプルダイブ,,,
Water Moves,,,Water Gun,,みずでっぽう,,,
Water Moves,,,Water Pledge,,みずのちかい,,,
Water Moves,,,Water Pulse,,みずのはどう,,,
Water Moves,,,Water Shuriken,,みずしゅりけん,,,
Water Moves,,,Water Sport,,みずあそび,,,
Water Moves,,,Water Spout,,しおふき,,,
Water Moves,,,Waterfall,,たきのぼり,,,
Water Moves,,,Wave Crash,,ウェーブタックル,,,
Water Moves,,,Whirlpool,,うずしお,,,
Water Moves,,,Withdraw,,からにこもる,,,
