Topic Name (Required),Topic Description (Optional),Topic Type (Optional),Native Text (Required),Native Context Line (Optional),Translation Text (Required),Translation Context Line (Optional),Translation Hint (Optional),Pronunciation Override (Optional)
Gen 1 Names,Pokémon names from Generation I,0 - Vocab,Bulbasaur,,フシギダネ,,,
Gen 1 Names,,,Ivysaur,,フシギソウ,,,
Gen 1 Names,,,Venusaur,,フシギバナ,,,
Gen 1 Names,,,Charmander,,ヒトカゲ,,,
Gen 1 Names,,,Charmeleon,,リザード,,,
Gen 1 Names,,,Charizard,,リザードン,,,
Gen 1 Names,,,Squirtle,,ゼニガメ,,,
Gen 1 Names,,,Wartortle,,カメール,,,
Gen 1 Names,,,Blastoise,,カメックス,,,
Gen 1 Names,,,Caterpie,,キャタピー,,,
Gen 1 Names,,,Metapod,,トランセル,,,
Gen 1 Names,,,Butterfree,,バタフリー,,,
Gen 1 Names,,,Weedle,,ビードル,,,
Gen 1 Names,,,Kakuna,,コクーン,,,
Gen 1 Names,,,Beedrill,,スピアー,,,
Gen 1 Names,,,Pidgey,,ポッポ,,,
Gen 1 Names,,,Pidgeotto,,ピジョン,,,
Gen 1 Names,,,Pidgeot,,ピジョット,,,
Gen 1 Names,,,Rattata,,コラッタ,,,
Gen 1 Names,,,Raticate,,ラッタ,,,
Gen 1 Names,,,Spearow,,オニスズメ,,,
Gen 1 Names,,,Fearow,,オニドリル,,,
Gen 1 Names,,,Ekans,,アーボ,,,
Gen 1 Names,,,Arbok,,アーボック,,,
Gen 1 Names,,,Pikachu,,ピカチュウ,,,
Gen 1 Names,,,Raichu,,ライチュウ,,,
Gen 1 Names,,,Sandshrew,,サンド,,,
Gen 1 Names,,,Sandslash,,サンドパン,,,
Gen 1 Names,,,Nidoran♀,,ニドラン♀,,,
Gen 1 Names,,,Nidorina,,ニドリーナ,,,
Gen 1 Names,,,Nidoqueen,,ニドクイン,,,
Gen 1 Names,,,Nidoran♂,,ニドラン♂,,,
Gen 1 Names,,,Nidorino,,ニドリーノ,,,
Gen 1 Names,,,Nidoking,,ニドキング,,,
Gen 1 Names,,,Clefairy,,ピッピ,,,
Gen 1 Names,,,Clefable,,ピクシー,,,
Gen 1 Names,,,Vulpix,,ロコン,,,
Gen 1 Names,,,Ninetales,,キュウコン,,,
Gen 1 Names,,,Jigglypuff,,プリン,,,
Gen 1 Names,,,Wigglytuff,,プクリン,,,
Gen 1 Names,,,Zubat,,ズバット,,,
Gen 1 Names,,,Golbat,,ゴルバット,,,
Gen 1 Names,,,Oddish,,ナゾノクサ,,,
Gen 1 Names,,,Gloom,,クサイハナ,,,
Gen 1 Names,,,Vileplume,,ラフレシア,,,
Gen 1 Names,,,Paras,,パラス,,,
Gen 1 Names,,,Parasect,,パラセクト,,,
Gen 1 Names,,,Venonat,,コンパン,,,
Gen 1 Names,,,Venomoth,,モルフォン,,,
Gen 1 Names,,,Diglett,,ディグダ,,,
Gen 1 Names,,,Dugtrio,,ダグトリオ,,,
Gen 1 Names,,,Meowth,,ニャース,,,
Gen 1 Names,,,Persian,,ペルシアン,,,
Gen 1 Names,,,Psyduck,,コダック,,,
Gen 1 Names,,,Golduck,,ゴルダック,,,
Gen 1 Names,,,Mankey,,マンキー,,,
Gen 1 Names,,,Primeape,,オコリザル,,,
Gen 1 Names,,,Growlithe,,ガーディ,,,
Gen 1 Names,,,Arcanine,,ウインディ,,,
Gen 1 Names,,,Poliwag,,ニョロモ,,,
Gen 1 Names,,,Poliwhirl,,ニョロゾ,,,
Gen 1 Names,,,Poliwrath,,ニョロボン,,,
Gen 1 Names,,,Abra,,ケーシィ,,,
Gen 1 Names,,,Kadabra,,ユンゲラー,,,
Gen 1 Names,,,Alakazam,,フーディン,,,
Gen 1 Names,,,Machop,,ワンリキー,,,
Gen 1 Names,,,Machoke,,ゴーリキー,,,
Gen 1 Names,,,Machamp,,カイリキー,,,
Gen 1 Names,,,Bellsprout,,マダツボミ,,,
Gen 1 Names,,,Weepinbell,,ウツドン,,,
Gen 1 Names,,,Victreebel,,ウツボット,,,
Gen 1 Names,,,Tentacool,,メノクラゲ,,,
Gen 1 Names,,,Tentacruel,,ドククラゲ,,,
Gen 1 Names,,,Geodude,,イシツブテ,,,
Gen 1 Names,,,Graveler,,ゴローン,,,
Gen 1 Names,,,Golem,,ゴローニャ,,,
Gen 1 Names,,,Ponyta,,ポニータ,,,
Gen 1 Names,,,Rapidash,,ギャロップ,,,
Gen 1 Names,,,Slowpoke,,ヤドン,,,
Gen 1 Names,,,Slowbro,,ヤドラン,,,
Gen 1 Names,,,Magnemite,,コイル,,,
Gen 1 Names,,,Magneton,,レアコイル,,,
Gen 1 Names,,,Farfetch'd,,カモネギ,,,
Gen 1 Names,,,Doduo,,ドードー,,,
Gen 1 Names,,,Dodrio,,ドードリオ,,,
Gen 1 Names,,,Seel,,パウワウ,,,
Gen 1 Names,,,Dewgong,,ジュゴン,,,
Gen 1 Names,,,Grimer,,ベトベター,,,
Gen 1 Names,,,Muk,,ベトベトン,,,
Gen 1 Names,,,Shellder,,シェルダー,,,
Gen 1 Names,,,Cloyster,,パルシェン,,,
Gen 1 Names,,,Gastly,,ゴース,,,
Gen 1 Names,,,Haunter,,ゴースト,,,
Gen 1 Names,,,Gengar,,ゲンガー,,,
Gen 1 Names,,,Onix,,イワーク,,,
Gen 1 Names,,,Drowzee,,スリープ,,,
Gen 1 Names,,,Hypno,,スリーパー,,,
Gen 1 Names,,,Krabby,,クラブ,,,
Gen 1 Names,,,Kingler,,キングラー,,,
Gen 1 Names,,,Voltorb,,ビリリダマ,,,
Gen 1 Names,,,Electrode,,マルマイン,,,
Gen 1 Names,,,Exeggcute,,タマタマ,,,
Gen 1 Names,,,Exeggutor,,ナッシー,,,
Gen 1 Names,,,Cubone,,カラカラ,,,
Gen 1 Names,,,Marowak,,ガラガラ,,,
Gen 1 Names,,,Hitmonlee,,サワムラー,,,
Gen 1 Names,,,Hitmonchan,,エビワラー,,,
Gen 1 Names,,,Lickitung,,ベロリンガ,,,
Gen 1 Names,,,Koffing,,ドガース,,,
Gen 1 Names,,,Weezing,,マタドガス,,,
Gen 1 Names,,,Rhyhorn,,サイホーン,,,
Gen 1 Names,,,Rhydon,,サイドン,,,
Gen 1 Names,,,Chansey,,ラッキー,,,
Gen 1 Names,,,Tangela,,モンジャラ,,,
Gen 1 Names,,,Kangaskhan,,ガルーラ,,,
Gen 1 Names,,,Horsea,,タッツー,,,
Gen 1 Names,,,Seadra,,シードラ,,,
Gen 1 Names,,,Goldeen,,トサキント,,,
Gen 1 Names,,,Seaking,,アズマオウ,,,
Gen 1 Names,,,Staryu,,ヒトデマン,,,
Gen 1 Names,,,Starmie,,スターミー,,,
Gen 1 Names,,,Mr. Mime,,バリヤード,,,
Gen 1 Names,,,Scyther,,ストライク,,,
Gen 1 Names,,,Jynx,,ルージュラ,,,
Gen 1 Names,,,Electabuzz,,エレブー,,,
Gen 1 Names,,,Magmar,,ブーバー,,,
Gen 1 Names,,,Pinsir,,カイロス,,,
Gen 1 Names,,,Tauros,,ケンタロス,,,
Gen 1 Names,,,Magikarp,,コイキング,,,
Gen 1 Names,,,Gyarados,,ギャラドス,,,
Gen 1 Names,,,Lapras,,ラプラス,,,
Gen 1 Names,,,Ditto,,メタモン,,,
Gen 1 Names,,,Eevee,,イーブイ,,,
Gen 1 Names,,,Vaporeon,,シャワーズ,,,
Gen 1 Names,,,Jolteon,,サンダース,,,
Gen 1 Names,,,Flareon,,ブースター,,,
Gen 1 Names,,,Porygon,,ポリゴン,,,
Gen 1 Names,,,Omanyte,,オムナイト,,,
Gen 1 Names,,,Omastar,,オムスター,,,
Gen 1 Names,,,Kabuto,,カブト,,,
Gen 1 Names,,,Kabutops,,カブトプス,,,
Gen 1 Names,,,Aerodactyl,,プテラ,,,
Gen 1 Names,,,Snorlax,,カビゴン,,,
Gen 1 Names,,,Articuno,,フリーザー,,,
Gen 1 Names,,,Zapdos,,サンダー,,,
Gen 1 Names,,,Moltres,,ファイヤー,,,
Gen 1 Names,,,Dratini,,ミニリュウ,,,
Gen 1 Names,,,Dragonair,,ハクリュー,,,
Gen 1 Names,,,Dragonite,,カイリュー,,,
Gen 1 Names,,,Mewtwo,,ミュウツー,,,
Gen 1 Names,,,Mew,,ミュウ,,,
Gen 2 Names,Pokémon names from Generation II,0 - Vocab,Chikorita,,チコリータ,,,
Gen 2 Names,,,Bayleef,,ベイリーフ,,,
Gen 2 Names,,,Meganium,,メガニウム,,,
Gen 2 Names,,,Cyndaquil,,ヒノアラシ,,,
Gen 2 Names,,,Quilava,,マグマラシ,,,
Gen 2 Names,,,Typhlosion,,バクフーン,,,
Gen 2 Names,,,Totodile,,ワニノコ,,,
Gen 2 Names,,,Croconaw,,アリゲイツ,,,
Gen 2 Names,,,Feraligatr,,オーダイル,,,
Gen 2 Names,,,Sentret,,オタチ,,,
Gen 2 Names,,,Furret,,オオタチ,,,
Gen 2 Names,,,Hoothoot,,ホーホー,,,
Gen 2 Names,,,Noctowl,,ヨルノズク,,,
Gen 2 Names,,,Ledyba,,レディバ,,,
Gen 2 Names,,,Ledian,,レディアン,,,
Gen 2 Names,,,Spinarak,,イトマル,,,
Gen 2 Names,,,Ariados,,アリアドス,,,
Gen 2 Names,,,Crobat,,クロバット,,,
Gen 2 Names,,,Chinchou,,チョンチー,,,
Gen 2 Names,,,Lanturn,,ランターン,,,
Gen 2 Names,,,Pichu,,ピチュー,,,
Gen 2 Names,,,Cleffa,,ピィ,,,
Gen 2 Names,,,Igglybuff,,ププリン,,,
Gen 2 Names,,,Togepi,,トゲピー,,,
Gen 2 Names,,,Togetic,,トゲチック,,,
Gen 2 Names,,,Natu,,ネイティ,,,
Gen 2 Names,,,Xatu,,ネイティオ,,,
Gen 2 Names,,,Mareep,,メリープ,,,
Gen 2 Names,,,Flaaffy,,モココ,,,
Gen 2 Names,,,Ampharos,,デンリュウ,,,
Gen 2 Names,,,Bellossom,,キレイハナ,,,
Gen 2 Names,,,Marill,,マリル,,,
Gen 2 Names,,,Azumarill,,マリルリ,,,
Gen 2 Names,,,Sudowoodo,,ウソッキー,,,
Gen 2 Names,,,Politoed,,ニョロトノ,,,
Gen 2 Names,,,Hoppip,,ハネッコ,,,
Gen 2 Names,,,Skiploom,,ポポッコ,,,
Gen 2 Names,,,Jumpluff,,ワタッコ,,,
Gen 2 Names,,,Aipom,,エイパム,,,
Gen 2 Names,,,Sunkern,,ヒマナッツ,,,
Gen 2 Names,,,Sunflora,,キマワリ,,,
Gen 2 Names,,,Yanma,,ヤンヤンマ,,,
Gen 2 Names,,,Wooper,,ウパー,,,
Gen 2 Names,,,Quagsire,,ヌオー,,,
Gen 2 Names,,,Espeon,,エーフィ,,,
Gen 2 Names,,,Umbreon,,ブラッキー,,,
Gen 2 Names,,,Murkrow,,ヤミカラス,,,
Gen 2 Names,,,Slowking,,ヤドキング,,,
Gen 2 Names,,,Misdreavus,,ムウマ,,,
Gen 2 Names,,,Unown,,アンノーン,,,
Gen 2 Names,,,Wobbuffet,,ソーナンス,,,
Gen 2 Names,,,Girafarig,,キリンリキ,,,
Gen 2 Names,,,Pineco,,クヌギダマ,,,
Gen 2 Names,,,Forretress,,フォレトス,,,
Gen 2 Names,,,Dunsparce,,ノコッチ,,,
Gen 2 Names,,,Gligar,,グライガー,,,
Gen 2 Names,,,Steelix,,ハガネール,,,
Gen 2 Names,,,Snubbull,,ブルー,,,
Gen 2 Names,,,Granbull,,グランブル,,,
Gen 2 Names,,,Qwilfish,,ハリーセン,,,
Gen 2 Names,,,Scizor,,ハッサム,,,
Gen 2 Names,,,Shuckle,,ツボツボ,,,
Gen 2 Names,,,Heracross,,ヘラクロス,,,
Gen 2 Names,,,Sneasel,,ニューラ,,,
Gen 2 Names,,,Teddiursa,,ヒメグマ,,,
Gen 2 Names,,,Ursaring,,リングマ,,,
Gen 2 Names,,,Slugma,,マグマッグ,,,
Gen 2 Names,,,Magcargo,,マグカルゴ,,,
Gen 2 Names,,,Swinub,,ウリムー,,,
Gen 2 Names,,,Piloswine,,イノムー,,,
Gen 2 Names,,,Corsola,,サニーゴ,,,
Gen 2 Names,,,Remoraid,,テッポウオ,,,
Gen 2 Names,,,Octillery,,オクタン,,,
Gen 2 Names,,,Delibird,,デリバード,,,
Gen 2 Names,,,Mantine,,マンタイン,,,
Gen 2 Names,,,Skarmory,,エアームド,,,
Gen 2 Names,,,Houndour,,デルビル,,,
Gen 2 Names,,,Houndoom,,ヘルガー,,,
Gen 2 Names,,,Kingdra,,キングドラ,,,
Gen 2 Names,,,Phanpy,,ゴマゾウ,,,
Gen 2 Names,,,Donphan,,ドンファン,,,
Gen 2 Names,,,Porygon2,,ポリゴン２,,,
Gen 2 Names,,,Stantler,,オドシシ,,,
Gen 2 Names,,,Smeargle,,ドーブル,,,
Gen 2 Names,,,Tyrogue,,バルキー,,,
Gen 2 Names,,,Hitmontop,,カポエラー,,,
Gen 2 Names,,,Smoochum,,ムチュール,,,
Gen 2 Names,,,Elekid,,エレキッド,,,
Gen 2 Names,,,Magby,,ブビィ,,,
Gen 2 Names,,,Miltank,,ミルタンク,,,
Gen 2 Names,,,Blissey,,ハピナス,,,
Gen 2 Names,,,Raikou,,ライコウ,,,
Gen 2 Names,,,Entei,,エンテイ,,,
Gen 2 Names,,,Suicune,,スイクン,,,
Gen 2 Names,,,Larvitar,,ヨーギラス,,,
Gen 2 Names,,,Pupitar,,サナギラス,,,
Gen 2 Names,,,Tyranitar,,バンギラス,,,
Gen 2 Names,,,Lugia,,ルギア,,,
Gen 2 Names,,,Ho-Oh,,ホウオウ,,,
Gen 2 Names,,,Celebi,,セレビィ,,,
Gen 3 Names,Pokémon names from Generation III,0 - Vocab,Treecko,,キモリ,,,
Gen 3 Names,,,Grovyle,,ジュプトル,,,
Gen 3 Names,,,Sceptile,,ジュカイン,,,
Gen 3 Names,,,Torchic,,アチャモ,,,
Gen 3 Names,,,Combusken,,ワカシャモ,,,
Gen 3 Names,,,Blaziken,,バシャーモ,,,
Gen 3 Names,,,Mudkip,,ミズゴロウ,,,
Gen 3 Names,,,Marshtomp,,ヌマクロー,,,
Gen 3 Names,,,Swampert,,ラグラージ,,,
Gen 3 Names,,,Poochyena,,ポチエナ,,,
Gen 3 Names,,,Mightyena,,グラエナ,,,
Gen 3 Names,,,Zigzagoon,,ジグザグマ,,,
Gen 3 Names,,,Linoone,,マッスグマ,,,
Gen 3 Names,,,Wurmple,,ケムッソ,,,
Gen 3 Names,,,Silcoon,,カラサリス,,,
Gen 3 Names,,,Beautifly,,アゲハント,,,
Gen 3 Names,,,Cascoon,,マユルド,,,
Gen 3 Names,,,Dustox,,ドクケイル,,,
Gen 3 Names,,,Lotad,,ハスボー,,,
Gen 3 Names,,,Lombre,,ハスブレロ,,,
Gen 3 Names,,,Ludicolo,,ルンパッパ,,,
Gen 3 Names,,,Seedot,,タネボー,,,
Gen 3 Names,,,Nuzleaf,,コノハナ,,,
Gen 3 Names,,,Shiftry,,ダーテング,,,
Gen 3 Names,,,Taillow,,スバメ,,,
Gen 3 Names,,,Swellow,,オオスバメ,,,
Gen 3 Names,,,Wingull,,キャモメ,,,
Gen 3 Names,,,Pelipper,,ペリッパー,,,
Gen 3 Names,,,Ralts,,ラルトス,,,
Gen 3 Names,,,Kirlia,,キルリア,,,
Gen 3 Names,,,Gardevoir,,サーナイト,,,
Gen 3 Names,,,Surskit,,アメタマ,,,
Gen 3 Names,,,Masquerain,,アメモース,,,
Gen 3 Names,,,Shroomish,,キノココ,,,
Gen 3 Names,,,Breloom,,キノガッサ,,,
Gen 3 Names,,,Slakoth,,ナマケロ,,,
Gen 3 Names,,,Vigoroth,,ヤルキモノ,,,
Gen 3 Names,,,Slaking,,ケッキング,,,
Gen 3 Names,,,Nincada,,ツチニン,,,
Gen 3 Names,,,Ninjask,,テッカニン,,,
Gen 3 Names,,,Shedinja,,ヌケニン,,,
Gen 3 Names,,,Whismur,,ゴニョニョ,,,
Gen 3 Names,,,Loudred,,ドゴーム,,,
Gen 3 Names,,,Exploud,,バクオング,,,
Gen 3 Names,,,Makuhita,,マクノシタ,,,
Gen 3 Names,,,Hariyama,,ハリテヤマ,,,
Gen 3 Names,,,Azurill,,ルリリ,,,
Gen 3 Names,,,Nosepass,,ノズパス,,,
Gen 3 Names,,,Skitty,,エネコ,,,
Gen 3 Names,,,Delcatty,,エネコロロ,,,
Gen 3 Names,,,Sableye,,ヤミラミ,,,
Gen 3 Names,,,Mawile,,クチート,,,
Gen 3 Names,,,Aron,,ココドラ,,,
Gen 3 Names,,,Lairon,,コドラ,,,
Gen 3 Names,,,Aggron,,ボスゴドラ,,,
Gen 3 Names,,,Meditite,,アサナン,,,
Gen 3 Names,,,Medicham,,チャーレム,,,
Gen 3 Names,,,Electrike,,ラクライ,,,
Gen 3 Names,,,Manectric,,ライボルト,,,
Gen 3 Names,,,Plusle,,プラスル,,,
Gen 3 Names,,,Minun,,マイナン,,,
Gen 3 Names,,,Volbeat,,バルビート,,,
Gen 3 Names,,,Illumise,,イルミーゼ,,,
Gen 3 Names,,,Roselia,,ロゼリア,,,
Gen 3 Names,,,Gulpin,,ゴクリン,,,
Gen 3 Names,,,Swalot,,マルノーム,,,
Gen 3 Names,,,Carvanha,,キバニア,,,
Gen 3 Names,,,Sharpedo,,サメハダー,,,
Gen 3 Names,,,Wailmer,,ホエルコ,,,
Gen 3 Names,,,Wailord,,ホエルオー,,,
Gen 3 Names,,,Numel,,ドンメル,,,
Gen 3 Names,,,Camerupt,,バクーダ,,,
Gen 3 Names,,,Torkoal,,コータス,,,
Gen 3 Names,,,Spoink,,バネブー,,,
Gen 3 Names,,,Grumpig,,ブーピッグ,,,
Gen 3 Names,,,Spinda,,パッチール,,,
Gen 3 Names,,,Trapinch,,ナックラー,,,
Gen 3 Names,,,Vibrava,,ビブラーバ,,,
Gen 3 Names,,,Flygon,,フライゴン,,,
Gen 3 Names,,,Cacnea,,サボネア,,,
Gen 3 Names,,,Cacturne,,ノクタス,,,
Gen 3 Names,,,Swablu,,チルット,,,
Gen 3 Names,,,Altaria,,チルタリス,,,
Gen 3 Names,,,Zangoose,,ザングース,,,
Gen 3 Names,,,Seviper,,ハブネーク,,,
Gen 3 Names,,,Lunatone,,ルナトーン,,,
Gen 3 Names,,,Solrock,,ソルロック,,,
Gen 3 Names,,,Barboach,,ドジョッチ,,,
Gen 3 Names,,,Whiscash,,ナマズン,,,
Gen 3 Names,,,Corphish,,ヘイガニ,,,
Gen 3 Names,,,Crawdaunt,,シザリガー,,,
Gen 3 Names,,,Baltoy,,ヤジロン,,,
Gen 3 Names,,,Claydol,,ネンドール,,,
Gen 3 Names,,,Lileep,,リリーラ,,,
Gen 3 Names,,,Cradily,,ユレイドル,,,
Gen 3 Names,,,Anorith,,アノプス,,,
Gen 3 Names,,,Armaldo,,アーマルド,,,
Gen 3 Names,,,Feebas,,ヒンバス,,,
Gen 3 Names,,,Milotic,,ミロカロス,,,
Gen 3 Names,,,Castform,,ポワルン,,,
Gen 3 Names,,,Kecleon,,カクレオン,,,
Gen 3 Names,,,Shuppet,,カゲボウズ,,,
Gen 3 Names,,,Banette,,ジュペッタ,,,
Gen 3 Names,,,Duskull,,ヨマワル,,,
Gen 3 Names,,,Dusclops,,サマヨール,,,
Gen 3 Names,,,Tropius,,トロピウス,,,
Gen 3 Names,,,Chimecho,,チリーン,,,
Gen 3 Names,,,Absol,,アブソル,,,
Gen 3 Names,,,Wynaut,,ソーナノ,,,
Gen 3 Names,,,Snorunt,,ユキワラシ,,,
Gen 3 Names,,,Glalie,,オニゴーリ,,,
Gen 3 Names,,,Spheal,,タマザラシ,,,
Gen 3 Names,,,Sealeo,,トドグラー,,,
Gen 3 Names,,,Walrein,,トドゼルガ,,,
Gen 3 Names,,,Clamperl,,パールル,,,
Gen 3 Names,,,Huntail,,ハンテール,,,
Gen 3 Names,,,Gorebyss,,サクラビス,,,
Gen 3 Names,,,Relicanth,,ジーランス,,,
Gen 3 Names,,,Luvdisc,,ラブカス,,,
Gen 3 Names,,,Bagon,,タツベイ,,,
Gen 3 Names,,,Shelgon,,コモルー,,,
Gen 3 Names,,,Salamence,,ボーマンダ,,,
Gen 3 Names,,,Beldum,,ダンバル,,,
Gen 3 Names,,,Metang,,メタング,,,
Gen 3 Names,,,Metagross,,メタグロス,,,
Gen 3 Names,,,Regirock,,レジロック,,,
Gen 3 Names,,,Regice,,レジアイス,,,
Gen 3 Names,,,Registeel,,レジスチル,,,
Gen 3 Names,,,Latias,,ラティアス,,,
Gen 3 Names,,,Latios,,ラティオス,,,
Gen 3 Names,,,Kyogre,,カイオーガ,,,
Gen 3 Names,,,Groudon,,グラードン,,,
Gen 3 Names,,,Rayquaza,,レックウザ,,,
Gen 3 Names,,,Jirachi,,ジラーチ,,,
Gen 3 Names,,,Deoxys,,デオキシス,,,
Gen 4 Names,Pokémon names from Generation IV,0 - Vocab,Turtwig,,ナエトル,,,
Gen 4 Names,,,Grotle,,ハヤシガメ,,,
Gen 4 Names,,,Torterra,,ドダイトス,,,
Gen 4 Names,,,Chimchar,,ヒコザル,,,
Gen 4 Names,,,Monferno,,モウカザル,,,
Gen 4 Names,,,Infernape,,ゴウカザル,,,
Gen 4 Names,,,Piplup,,ポッチャマ,,,
Gen 4 Names,,,Prinplup,,ポッタイシ,,,
Gen 4 Names,,,Empoleon,,エンペルト,,,
Gen 4 Names,,,Starly,,ムックル,,,
Gen 4 Names,,,Staravia,,ムクバード,,,
Gen 4 Names,,,Staraptor,,ムクホーク,,,
Gen 4 Names,,,Bidoof,,ビッパ,,,
Gen 4 Names,,,Bibarel,,ビーダル,,,
Gen 4 Names,,,Kricketot,,コロボーシ,,,
Gen 4 Names,,,Kricketune,,コロトック,,,
Gen 4 Names,,,Shinx,,コリンク,,,
Gen 4 Names,,,Luxio,,ルクシオ,,,
Gen 4 Names,,,Luxray,,レントラー,,,
Gen 4 Names,,,Budew,,スボミー,,,
Gen 4 Names,,,Roserade,,ロズレイド,,,
Gen 4 Names,,,Cranidos,,ズガイドス,,,
Gen 4 Names,,,Rampardos,,ラムパルド,,,
Gen 4 Names,,,Shieldon,,タテトプス,,,
Gen 4 Names,,,Bastiodon,,トリデプス,,,
Gen 4 Names,,,Burmy,,ミノムッチ,,,
Gen 4 Names,,,Wormadam,,ミノマダム,,,
Gen 4 Names,,,Mothim,,ガーメイル,,,
Gen 4 Names,,,Combee,,ミツハニー,,,
Gen 4 Names,,,Vespiquen,,ビークイン,,,
Gen 4 Names,,,Pachirisu,,パチリス,,,
Gen 4 Names,,,Buizel,,ブイゼル,,,
Gen 4 Names,,,Floatzel,,フローゼル,,,
Gen 4 Names,,,Cherubi,,チェリンボ,,,
Gen 4 Names,,,Cherrim,,チェリム,,,
Gen 4 Names,,,Shellos,,カラナクシ,,,
Gen 4 Names,,,Gastrodon,,トリトドン,,,
Gen 4 Names,,,Ambipom,,エテボース,,,
Gen 4 Names,,,Drifloon,,フワンテ,,,
Gen 4 Names,,,Drifblim,,フワライド,,,
Gen 4 Names,,,Buneary,,ミミロル,,,
Gen 4 Names,,,Lopunny,,ミミロップ,,,
Gen 4 Names,,,Mismagius,,ムウマージ,,,
Gen 4 Names,,,Honchkrow,,ドンカラス,,,
Gen 4 Names,,,Glameow,,ニャルマー,,,
Gen 4 Names,,,Purugly,,ブニャット,,,
Gen 4 Names,,,Chingling,,リーシャン,,,
Gen 4 Names,,,Stunky,,スカンプー,,,
Gen 4 Names,,,Skuntank,,スカタンク,,,
Gen 4 Names,,,Bronzor,,ドーミラー,,,
Gen 4 Names,,,Bronzong,,ドータクン,,,
Gen 4 Names,,,Bonsly,,ウソハチ,,,
Gen 4 Names,,,Mime Jr.,,マネネ,,,
Gen 4 Names,,,Happiny,,ピンプク,,,
Gen 4 Names,,,Chatot,,ペラップ,,,
Gen 4 Names,,,Spiritomb,,ミカルゲ,,,
Gen 4 Names,,,Gible,,フカマル,,,
Gen 4 Names,,,Gabite,,ガバイト,,,
Gen 4 Names,,,Garchomp,,ガブリアス,,,
Gen 4 Names,,,Munchlax,,ゴンベ,,,
Gen 4 Names,,,Riolu,,リオル,,,
Gen 4 Names,,,Lucario,,ルカリオ,,,
Gen 4 Names,,,Hippopotas,,ヒポポタス,,,
Gen 4 Names,,,Hippowdon,,カバルドン,,,
Gen 4 Names,,,Skorupi,,スコルピ,,,
Gen 4 Names,,,Drapion,,ドラピオン,,,
Gen 4 Names,,,Croagunk,,グレッグル,,,
Gen 4 Names,,,Toxicroak,,ドクロッグ,,,
Gen 4 Names,,,Carnivine,,マスキッパ,,,
Gen 4 Names,,,Finneon,,ケイコウオ,,,
Gen 4 Names,,,Lumineon,,ネオラント,,,
Gen 4 Names,,,Mantyke,,タマンタ,,,
Gen 4 Names,,,Snover,,ユキカブリ,,,
Gen 4 Names,,,Abomasnow,,ユキノオー,,,
Gen 4 Names,,,Weavile,,マニューラ,,,
Gen 4 Names,,,Magnezone,,ジバコイル,,,
Gen 4 Names,,,Lickilicky,,ベロベルト,,,
Gen 4 Names,,,Rhyperior,,ドサイドン,,,
Gen 4 Names,,,Tangrowth,,モジャンボ,,,
Gen 4 Names,,,Electivire,,エレキブル,,,
Gen 4 Names,,,Magmortar,,ブーバーン,,,
Gen 4 Names,,,Togekiss,,トゲキッス,,,
Gen 4 Names,,,Yanmega,,メガヤンマ,,,
Gen 4 Names,,,Leafeon,,リーフィア,,,
Gen 4 Names,,,Glaceon,,グレイシア,,,
Gen 4 Names,,,Gliscor,,グライオン,,,
Gen 4 Names,,,Mamoswine,,マンムー,,,
Gen 4 Names,,,Porygon-Z,,ポリゴンZ,,,
Gen 4 Names,,,Gallade,,エルレイド,,,
Gen 4 Names,,,Probopass,,ダイノーズ,,,
Gen 4 Names,,,Dusknoir,,ヨノワール,,,
Gen 4 Names,,,Froslass,,ユキメノコ,,,
Gen 4 Names,,,Rotom,,ロトム,,,
Gen 4 Names,,,Uxie,,ユクシー,,,
Gen 4 Names,,,Mesprit,,エムリット,,,
Gen 4 Names,,,Azelf,,アグノム,,,
Gen 4 Names,,,Dialga,,ディアルガ,,,
Gen 4 Names,,,Palkia,,パルキア,,,
Gen 4 Names,,,Heatran,,ヒードラン,,,
Gen 4 Names,,,Regigigas,,レジギガス,,,
Gen 4 Names,,,Giratina,,ギラティナ,,,
Gen 4 Names,,,Cresselia,,クレセリア,,,
Gen 4 Names,,,Phione,,フィオネ,,,
Gen 4 Names,,,Manaphy,,マナフィ,,,
Gen 4 Names,,,Darkrai,,ダークライ,,,
Gen 4 Names,,,Shaymin,,シェイミ,,,
Gen 4 Names,,,Arceus,,アルセウス,,,
Gen 5 Names,Pokémon names from Generation V,0 - Vocab,Victini,,ビクティニ,,,
Gen 5 Names,,,Snivy,,ツタージャ,,,
Gen 5 Names,,,Servine,,ジャノビー,,,
Gen 5 Names,,,Serperior,,ジャローダ,,,
Gen 5 Names,,,Tepig,,ポカブ,,,
Gen 5 Names,,,Pignite,,チャオブー,,,
Gen 5 Names,,,Emboar,,エンブオー,,,
Gen 5 Names,,,Oshawott,,ミジュマル,,,
Gen 5 Names,,,Dewott,,フタチマル,,,
Gen 5 Names,,,Samurott,,ダイケンキ,,,
Gen 5 Names,,,Patrat,,ミネズミ,,,
Gen 5 Names,,,Watchog,,ミルホッグ,,,
Gen 5 Names,,,Lillipup,,ヨーテリー,,,
Gen 5 Names,,,Herdier,,ハーデリア,,,
Gen 5 Names,,,Stoutland,,ムーランド,,,
Gen 5 Names,,,Purrloin,,チョロネコ,,,
Gen 5 Names,,,Liepard,,レパルダス,,,
Gen 5 Names,,,Pansage,,ヤナップ,,,
Gen 5 Names,,,Simisage,,ヤナッキー,,,
Gen 5 Names,,,Pansear,,バオップ,,,
Gen 5 Names,,,Simisear,,バオッキー,,,
Gen 5 Names,,,Panpour,,ヒヤップ,,,
Gen 5 Names,,,Simipour,,ヒヤッキー,,,
Gen 5 Names,,,Munna,,ムンナ,,,
Gen 5 Names,,,Musharna,,ムシャーナ,,,
Gen 5 Names,,,Pidove,,マメパト,,,
Gen 5 Names,,,Tranquill,,ハトーボー,,,
Gen 5 Names,,,Unfezant,,ケンホロウ,,,
Gen 5 Names,,,Blitzle,,シママ,,,
Gen 5 Names,,,Zebstrika,,ゼブライカ,,,
Gen 5 Names,,,Roggenrola,,ダンゴロ,,,
Gen 5 Names,,,Boldore,,ガントル,,,
Gen 5 Names,,,Gigalith,,ギガイアス,,,
Gen 5 Names,,,Woobat,,コロモリ,,,
Gen 5 Names,,,Swoobat,,ココロモリ,,,
Gen 5 Names,,,Drilbur,,モグリュー,,,
Gen 5 Names,,,Excadrill,,ドリュウズ,,,
Gen 5 Names,,,Audino,,タブンネ,,,
Gen 5 Names,,,Timburr,,ドッコラー,,,
Gen 5 Names,,,Gurdurr,,ドテッコツ,,,
Gen 5 Names,,,Conkeldurr,,ローブシン,,,
Gen 5 Names,,,Tympole,,オタマロ,,,
Gen 5 Names,,,Palpitoad,,ガマガル,,,
Gen 5 Names,,,Seismitoad,,ガマゲロゲ,,,
Gen 5 Names,,,Throh,,ナゲキ,,,
Gen 5 Names,,,Sawk,,ダゲキ,,,
Gen 5 Names,,,Sewaddle,,クルミル,,,
Gen 5 Names,,,Swadloon,,クルマユ,,,
Gen 5 Names,,,Leavanny,,ハハコモリ,,,
Gen 5 Names,,,Venipede,,フシデ,,,
Gen 5 Names,,,Whirlipede,,ホイーガ,,,
Gen 5 Names,,,Scolipede,,ペンドラー,,,
Gen 5 Names,,,Cottonee,,モンメン,,,
Gen 5 Names,,,Whimsicott,,エルフーン,,,
Gen 5 Names,,,Petilil,,チュリネ,,,
Gen 5 Names,,,Lilligant,,ドレディア,,,
Gen 5 Names,,,Basculin,,バスラオ,,,
Gen 5 Names,,,Sandile,,メグロコ,,,
Gen 5 Names,,,Krokorok,,ワルビル,,,
Gen 5 Names,,,Krookodile,,ワルビアル,,,
Gen 5 Names,,,Darumaka,,ダルマッカ,,,
Gen 5 Names,,,Darmanitan,,ヒヒダルマ,,,
Gen 5 Names,,,Maractus,,マラカッチ,,,
Gen 5 Names,,,Dwebble,,イシズマイ,,,
Gen 5 Names,,,Crustle,,イワパレス,,,
Gen 5 Names,,,Scraggy,,ズルッグ,,,
Gen 5 Names,,,Scrafty,,ズルズキン,,,
Gen 5 Names,,,Sigilyph,,シンボラー,,,
Gen 5 Names,,,Yamask,,デスマス,,,
Gen 5 Names,,,Cofagrigus,,デスカーン,,,
Gen 5 Names,,,Tirtouga,,プロトーガ,,,
Gen 5 Names,,,Carracosta,,アバゴーラ,,,
Gen 5 Names,,,Archen,,アーケン,,,
Gen 5 Names,,,Archeops,,アーケオス,,,
Gen 5 Names,,,Trubbish,,ヤブクロン,,,
Gen 5 Names,,,Garbodor,,ダストダス,,,
Gen 5 Names,,,Zorua,,ゾロア,,,
Gen 5 Names,,,Zoroark,,ゾロアーク,,,
Gen 5 Names,,,Minccino,,チラーミィ,,,
Gen 5 Names,,,Cinccino,,チラチーノ,,,
Gen 5 Names,,,Gothita,,ゴチム,,,
Gen 5 Names,,,Gothorita,,ゴチミル,,,
Gen 5 Names,,,Gothitelle,,ゴチルゼル,,,
Gen 5 Names,,,Solosis,,ユニラン,,,
Gen 5 Names,,,Duosion,,ダブラン,,,
Gen 5 Names,,,Reuniclus,,ランクルス,,,
Gen 5 Names,,,Ducklett,,コアルヒー,,,
Gen 5 Names,,,Swanna,,スワンナ,,,
Gen 5 Names,,,Vanillite,,バニプッチ,,,
Gen 5 Names,,,Vanillish,,バニリッチ,,,
Gen 5 Names,,,Vanilluxe,,バイバニラ,,,
Gen 5 Names,,,Deerling,,シキジカ,,,
Gen 5 Names,,,Sawsbuck,,メブキジカ,,,
Gen 5 Names,,,Emolga,,エモンガ,,,
Gen 5 Names,,,Karrablast,,カブルモ,,,
Gen 5 Names,,,Escavalier,,シュバルゴ,,,
Gen 5 Names,,,Foongus,,タマゲタケ,,,
Gen 5 Names,,,Amoonguss,,モロバレル,,,
Gen 5 Names,,,Frillish,,プルリル,,,
Gen 5 Names,,,Jellicent,,ブルンゲル,,,
Gen 5 Names,,,Alomomola,,ママンボウ,,,
Gen 5 Names,,,Joltik,,バチュル,,,
Gen 5 Names,,,Galvantula,,デンチュラ,,,
Gen 5 Names,,,Ferroseed,,テッシード,,,
Gen 5 Names,,,Ferrothorn,,ナットレイ,,,
Gen 5 Names,,,Klink,,ギアル,,,
Gen 5 Names,,,Klang,,ギギアル,,,
Gen 5 Names,,,Klinklang,,ギギギアル,,,
Gen 5 Names,,,Tynamo,,シビシラス,,,
Gen 5 Names,,,Eelektrik,,シビビール,,,
Gen 5 Names,,,Eelektross,,シビルドン,,,
Gen 5 Names,,,Elgyem,,リグレー,,,
Gen 5 Names,,,Beheeyem,,オーベム,,,
Gen 5 Names,,,Litwick,,ヒトモシ,,,
Gen 5 Names,,,Lampent,,ランプラー,,,
Gen 5 Names,,,Chandelure,,シャンデラ,,,
Gen 5 Names,,,Axew,,キバゴ,,,
Gen 5 Names,,,Fraxure,,オノンド,,,
Gen 5 Names,,,Haxorus,,オノノクス,,,
Gen 5 Names,,,Cubchoo,,クマシュン,,,
Gen 5 Names,,,Beartic,,ツンベアー,,,
Gen 5 Names,,,Cryogonal,,フリージオ,,,
Gen 5 Names,,,Shelmet,,チョボマキ,,,
Gen 5 Names,,,Accelgor,,アギルダー,,,
Gen 5 Names,,,Stunfisk,,マッギョ,,,
Gen 5 Names,,,Mienfoo,,コジョフー,,,
Gen 5 Names,,,Mienshao,,コジョンド,,,
Gen 5 Names,,,Druddigon,,クリムガン,,,
Gen 5 Names,,,Golett,,ゴビット,,,
Gen 5 Names,,,Golurk,,ゴルーグ,,,
Gen 5 Names,,,Pawniard,,コマタナ,,,
Gen 5 Names,,,Bisharp,,キリキザン,,,
Gen 5 Names,,,Bouffalant,,バッフロン,,,
Gen 5 Names,,,Rufflet,,ワシボン,,,
Gen 5 Names,,,Braviary,,ウォーグル,,,
Gen 5 Names,,,Vullaby,,バルチャイ,,,
Gen 5 Names,,,Mandibuzz,,バルジーナ,,,
Gen 5 Names,,,Heatmor,,クイタラン,,,
Gen 5 Names,,,Durant,,アイアント,,,
Gen 5 Names,,,Deino,,モノズ,,,
Gen 5 Names,,,Zweilous,,ジヘッド,,,
Gen 5 Names,,,Hydreigon,,サザンドラ,,,
Gen 5 Names,,,Larvesta,,メラルバ,,,
Gen 5 Names,,,Volcarona,,ウルガモス,,,
Gen 5 Names,,,Cobalion,,コバルオン,,,
Gen 5 Names,,,Terrakion,,テラキオン,,,
Gen 5 Names,,,Virizion,,ビリジオン,,,
Gen 5 Names,,,Tornadus,,トルネロス,,,
Gen 5 Names,,,Thundurus,,ボルトロス,,,
Gen 5 Names,,,Reshiram,,レシラム,,,
Gen 5 Names,,,Zekrom,,ゼクロム,,,
Gen 5 Names,,,Landorus,,ランドロス,,,
Gen 5 Names,,,Kyurem,,キュレム,,,
Gen 5 Names,,,Keldeo,,ケルディオ,,,
Gen 5 Names,,,Meloetta,,メロエッタ,,,
Gen 5 Names,,,Genesect,,ゲノセクト,,,
Gen 6 Names,Pokémon names from Generation VI,0 - Vocab,Chespin,,ハリマロン,,,
Gen 6 Names,,,Quilladin,,ハリボーグ,,,
Gen 6 Names,,,Chesnaught,,ブリガロン,,,
Gen 6 Names,,,Fennekin,,フォッコ,,,
Gen 6 Names,,,Braixen,,テールナー,,,
Gen 6 Names,,,Delphox,,マフォクシー,,,
Gen 6 Names,,,Froakie,,ケロマツ,,,
Gen 6 Names,,,Frogadier,,ゲコガシラ,,,
Gen 6 Names,,,Greninja,,ゲッコウガ,,,
Gen 6 Names,,,Bunnelby,,ホルビー,,,
Gen 6 Names,,,Diggersby,,ホルード,,,
Gen 6 Names,,,Fletchling,,ヤヤコマ,,,
Gen 6 Names,,,Fletchinder,,ヒノヤコマ,,,
Gen 6 Names,,,Talonflame,,ファイアロー,,,
Gen 6 Names,,,Scatterbug,,コフキムシ,,,
Gen 6 Names,,,Spewpa,,コフーライ,,,
Gen 6 Names,,,Vivillon,,ビビヨン,,,
Gen 6 Names,,,Litleo,,シシコ,,,
Gen 6 Names,,,Pyroar,,カエンジシ,,,
Gen 6 Names,,,Flabébé,,フラベベ,,,
Gen 6 Names,,,Floette,,フラエッテ,,,
Gen 6 Names,,,Florges,,フラージェス,,,
Gen 6 Names,,,Skiddo,,メェークル,,,
Gen 6 Names,,,Gogoat,,ゴーゴート,,,
Gen 6 Names,,,Pancham,,ヤンチャム,,,
Gen 6 Names,,,Pangoro,,ゴロンダ,,,
Gen 6 Names,,,Furfrou,,トリミアン,,,
Gen 6 Names,,,Espurr,,ニャスパー,,,
Gen 6 Names,,,Meowstic,,ニャオニクス,,,
Gen 6 Names,,,Honedge,,ヒトツキ,,,
Gen 6 Names,,,Doublade,,ニダンギル,,,
Gen 6 Names,,,Aegislash,,ギルガルド,,,
Gen 6 Names,,,Spritzee,,シュシュプ,,,
Gen 6 Names,,,Aromatisse,,フレフワン,,,
Gen 6 Names,,,Swirlix,,ペロッパフ,,,
Gen 6 Names,,,Slurpuff,,ペロリーム,,,
Gen 6 Names,,,Inkay,,マーイーカ,,,
Gen 6 Names,,,Malamar,,カラマネロ,,,
Gen 6 Names,,,Binacle,,カメテテ,,,
Gen 6 Names,,,Barbaracle,,ガメノデス,,,
Gen 6 Names,,,Skrelp,,クズモー,,,
Gen 6 Names,,,Dragalge,,ドラミドロ,,,
Gen 6 Names,,,Clauncher,,ウデッポウ,,,
Gen 6 Names,,,Clawitzer,,ブロスター,,,
Gen 6 Names,,,Helioptile,,エリキテル,,,
Gen 6 Names,,,Heliolisk,,エレザード,,,
Gen 6 Names,,,Tyrunt,,チゴラス,,,
Gen 6 Names,,,Tyrantrum,,ガチゴラス,,,
Gen 6 Names,,,Amaura,,アマルス,,,
Gen 6 Names,,,Aurorus,,アマルルガ,,,
Gen 6 Names,,,Sylveon,,ニンフィア,,,
Gen 6 Names,,,Hawlucha,,ルチャブル,,,
Gen 6 Names,,,Dedenne,,デデンネ,,,
Gen 6 Names,,,Carbink,,メレシー,,,
Gen 6 Names,,,Goomy,,ヌメラ,,,
Gen 6 Names,,,Sliggoo,,ヌメイル,,,
Gen 6 Names,,,Goodra,,ヌメルゴン,,,
Gen 6 Names,,,Klefki,,クレッフィ,,,
Gen 6 Names,,,Phantump,,ボクレー,,,
Gen 6 Names,,,Trevenant,,オーロット,,,
Gen 6 Names,,,Pumpkaboo,,バケッチャ,,,
Gen 6 Names,,,Gourgeist,,パンプジン,,,
Gen 6 Names,,,Bergmite,,カチコール,,,
Gen 6 Names,,,Avalugg,,クレベース,,,
Gen 6 Names,,,Noibat,,オンバット,,,
Gen 6 Names,,,Noivern,,オンバーン,,,
Gen 6 Names,,,Xerneas,,ゼルネアス,,,
Gen 6 Names,,,Yveltal,,イベルタル,,,
Gen 6 Names,,,Zygarde,,ジガルデ,,,
Gen 6 Names,,,Diancie,,ディアンシー,,,
Gen 6 Names,,,Hoopa,,フーパ,,,
Gen 6 Names,,,Volcanion,,ボルケニオン,,,
Gen 7 Names,Pokémon names from Generation VII,0 - Vocab,Rowlet,,モクロー,,,
Gen 7 Names,,,Dartrix,,フクスロー,,,
Gen 7 Names,,,Decidueye,,ジュナイパー,,,
Gen 7 Names,,,Litten,,ニャビー,,,
Gen 7 Names,,,Torracat,,ニャヒート,,,
Gen 7 Names,,,Incineroar,,ガオガエン,,,
Gen 7 Names,,,Popplio,,アシマリ,,,
Gen 7 Names,,,Brionne,,オシャマリ,,,
Gen 7 Names,,,Primarina,,アシレーヌ,,,
Gen 7 Names,,,Pikipek,,ツツケラ,,,
Gen 7 Names,,,Trumbeak,,ケララッパ,,,
Gen 7 Names,,,Toucannon,,ドデカバシ,,,
Gen 7 Names,,,Yungoos,,ヤングース,,,
Gen 7 Names,,,Gumshoos,,デカグース,,,
Gen 7 Names,,,Grubbin,,アゴジムシ,,,
Gen 7 Names,,,Charjabug,,デンヂムシ,,,
Gen 7 Names,,,Vikavolt,,クワガノン,,,
Gen 7 Names,,,Crabrawler,,マケンカニ,,,
Gen 7 Names,,,Crabominable,,ケケンカニ,,,
Gen 7 Names,,,Oricorio,,オドリドリ,,,
Gen 7 Names,,,Cutiefly,,アブリー,,,
Gen 7 Names,,,Ribombee,,アブリボン,,,
Gen 7 Names,,,Rockruff,,イワンコ,,,
Gen 7 Names,,,Lycanroc,,ルガルガン,,,
Gen 7 Names,,,Wishiwashi,,ヨワシ,,,
Gen 7 Names,,,Mareanie,,ヒドイデ,,,
Gen 7 Names,,,Toxapex,,ドヒドイデ,,,
Gen 7 Names,,,Mudbray,,ドロバンコ,,,
Gen 7 Names,,,Mudsdale,,バンバドロ,,,
Gen 7 Names,,,Dewpider,,シズクモ,,,
Gen 7 Names,,,Araquanid,,オニシズクモ,,,
Gen 7 Names,,,Fomantis,,カリキリ,,,
Gen 7 Names,,,Lurantis,,ラランテス,,,
Gen 7 Names,,,Morelull,,ネマシュ,,,
Gen 7 Names,,,Shiinotic,,マシェード,,,
Gen 7 Names,,,Salandit,,ヤトウモリ,,,
Gen 7 Names,,,Salazzle,,エンニュート,,,
Gen 7 Names,,,Stufful,,ヌイコグマ,,,
Gen 7 Names,,,Bewear,,キテルグマ,,,
Gen 7 Names,,,Bounsweet,,アマカジ,,,
Gen 7 Names,,,Steenee,,アママイコ,,,
Gen 7 Names,,,Tsareena,,アマージョ,,,
Gen 7 Names,,,Comfey,,キュワワー,,,
Gen 7 Names,,,Oranguru,,ヤレユータン,,,
Gen 7 Names,,,Passimian,,ナゲツケサル,,,
Gen 7 Names,,,Wimpod,,コソクムシ,,,
Gen 7 Names,,,Golisopod,,グソクムシャ,,,
Gen 7 Names,,,Sandygast,,スナバァ,,,
Gen 7 Names,,,Palossand,,シロデスナ,,,
Gen 7 Names,,,Pyukumuku,,ナマコブシ,,,
Gen 7 Names,,,Type: Null,,タイプ：ヌル,,,
Gen 7 Names,,,Silvally,,シルヴァディ,,,
Gen 7 Names,,,Minior,,メテノ,,,
Gen 7 Names,,,Komala,,ネッコアラ,,,
Gen 7 Names,,,Turtonator,,バクガメス,,,
Gen 7 Names,,,Togedemaru,,トゲデマル,,,
Gen 7 Names,,,Mimikyu,,ミミッキュ,,,
Gen 7 Names,,,Bruxish,,ハギギシリ,,,
Gen 7 Names,,,Drampa,,ジジーロン,,,
Gen 7 Names,,,Dhelmise,,ダダリン,,,
Gen 7 Names,,,Jangmo-o,,ジャラコ,,,
Gen 7 Names,,,Hakamo-o,,ジャランゴ,,,
Gen 7 Names,,,Kommo-o,,ジャラランガ,,,
Gen 7 Names,,,Tapu Koko,,カプ・コケコ,,,
Gen 7 Names,,,Tapu Lele,,カプ・テテフ,,,
Gen 7 Names,,,Tapu Bulu,,カプ・ブルル,,,
Gen 7 Names,,,Tapu Fini,,カプ・レヒレ,,,
Gen 7 Names,,,Cosmog,,コスモッグ,,,
Gen 7 Names,,,Cosmoem,,コスモウム,,,
Gen 7 Names,,,Solgaleo,,ソルガレオ,,,
Gen 7 Names,,,Lunala,,ルナアーラ,,,
Gen 7 Names,,,Necrozma,,ネクロズマ,,,
Gen 7 Names,,,Magearna,,マギアナ,,,
Gen 7 Names,,,Marshadow,,マーシャドー,,,
Gen 7 Names,,,Poipole,,ベベノム,,,
Gen 7 Names,,,Naganadel,,アーゴヨン,,,
Gen 7 Names,,,Stakataka,,ツンデツンデ,,,
Gen 7 Names,,,Blacephalon,,ズガドーン,,,
Gen 7 Names,,,Zeraora,,ゼラオラ,,,
Gen 7 Names,,,Meltan,,メルタン,,,
Gen 7 Names,,,Melmetal,,メルメタル,,,
Gen 8 Names,Pokémon names from Generation VIII,0 - Vocab,Grookey,,サルノリ,,,
Gen 8 Names,,,Thwackey,,バチンキー,,,
Gen 8 Names,,,Rillaboom,,ゴリランダー,,,
Gen 8 Names,,,Scorbunny,,ヒバニー,,,
Gen 8 Names,,,Raboot,,ラビフット,,,
Gen 8 Names,,,Cinderace,,エースバーン,,,
Gen 8 Names,,,Sobble,,メッソン,,,
Gen 8 Names,,,Drizzile,,ジメレオン,,,
Gen 8 Names,,,Inteleon,,インテレオン,,,
Gen 8 Names,,,Skwovet,,ホシガリス,,,
Gen 8 Names,,,Greedent,,ヨクバリス,,,
Gen 8 Names,,,Rookidee,,ココガラ,,,
Gen 8 Names,,,Corvisquire,,アオガラス,,,
Gen 8 Names,,,Corviknight,,アーマーガア,,,
Gen 8 Names,,,Blipbug,,サッチムシ,,,
Gen 8 Names,,,Dottler,,レドームシ,,,
Gen 8 Names,,,Orbeetle,,イオルブ,,,
Gen 8 Names,,,Nickit,,クスネ,,,
Gen 8 Names,,,Thievul,,フォクスライ,,,
Gen 8 Names,,,Gossifleur,,ヒメンカ,,,
Gen 8 Names,,,Eldegoss,,ワタシラガ,,,
Gen 8 Names,,,Wooloo,,ウールー,,,
Gen 8 Names,,,Dubwool,,バイウールー,,,
Gen 8 Names,,,Chewtle,,カムカメ,,,
Gen 8 Names,,,Drednaw,,カジリガメ,,,
Gen 8 Names,,,Yamper,,ワンパチ,,,
Gen 8 Names,,,Boltund,,パルスワン,,,
Gen 8 Names,,,Rolycoly,,タンドン,,,
Gen 8 Names,,,Carkol,,トロッゴン,,,
Gen 8 Names,,,Coalossal,,セキタンザン,,,
Gen 8 Names,,,Applin,,カジッチュ,,,
Gen 8 Names,,,Flapple,,アップリュー,,,
Gen 8 Names,,,Appletun,,タルップル,,,
Gen 8 Names,,,Silicobra,,スナヘビ,,,
Gen 8 Names,,,Sandaconda,,サダイジャ,,,
Gen 8 Names,,,Cramorant,,ウッウ,,,
Gen 8 Names,,,Arrokuda,,サシカマス,,,
Gen 8 Names,,,Barraskewda,,カマスジョー,,,
Gen 8 Names,,,Toxel,,エレズン,,,
Gen 8 Names,,,Toxapex,,ストリンダー,,,
Gen 8 Names,,,Sizzlipede,,ヤクデ,,,
Gen 8 Names,,,Centiskorch,,マルヤクデ,,,
Gen 8 Names,,,Clobbopus,,タタッコ,,,
Gen 8 Names,,,Grapploct,,オトスパス,,,
Gen 8 Names,,,Sinistea,,ヤバチャ,,,
Gen 8 Names,,,Polteageist,,ポットデス,,,
Gen 8 Names,,,Hatenna,,ミブリム,,,
Gen 8 Names,,,Hattrem,,テブリム,,,
Gen 8 Names,,,Hatterene,,ブリムオン,,,
Gen 8 Names,,,Impidimp,,ベロバー,,,
Gen 8 Names,,,Morgrem,,ギモー,,,
Gen 8 Names,,,Grimmsnarl,,オーロンゲ,,,
Gen 8 Names,,,Obstagoon,,タチフサグマ,,,
Gen 8 Names,,,Perrserker,,ニャイキング,,,
Gen 8 Names,,,Cursola,,サニゴーン,,,
Gen 8 Names,,,Sirfetch'd,,ネギガナイト,,,
Gen 8 Names,,,Mr. Rime,,バリコオル,,,
Gen 8 Names,,,Runerigus,,デスバーン,,,
Gen 8 Names,,,Milcery,,マホミル,,,
Gen 8 Names,,,Alcremie,,マホイップ,,,
Gen 8 Names,,,Falinks,,タイレーツ,,,
Gen 8 Names,,,Pincurchin,,バチンウニ,,,
Gen 8 Names,,,Snom,,ユキハミ,,,
Gen 8 Names,,,Frosmoth,,モスノウ,,,
Gen 8 Names,,,Stonjourner,,イシヘンジン,,,
Gen 8 Names,,,Eiscue,,コオリッポ,,,
Gen 8 Names,,,Indeedee,,イエッサン,,,
Gen 8 Names,,,Morpeko,,モルペコ,,,
Gen 8 Names,,,Cufant,,ゾウドウ,,,
Gen 8 Names,,,Copperajah,,ダイオウドウ,,,
Gen 8 Names,,,Dracozolt,,パッチラゴン,,,
Gen 8 Names,,,Arctozolt,,パッチルドン,,,
Gen 8 Names,,,Dracovish,,ウオノラゴン,,,
Gen 8 Names,,,Arctovish,,ウオチルドン,,,
Gen 8 Names,,,Duraludon,,ジュラルドン,,,
Gen 8 Names,,,Dreepy,,ドラメシヤ,,,
Gen 8 Names,,,Drakloak,,ドロンチ,,,
Gen 8 Names,,,Dragapult,,ドラパルト,,,
Gen 8 Names,,,Zacian,,ザシアン,,,
Gen 8 Names,,,Zamazenta,,ザマゼンタ,,,
Gen 8 Names,,,Eternatus,,ムゲンダイナ,,,
Gen 8 Names,,,Kubfu,,ダクマ,,,
Gen 8 Names,,,Urshifu,,ウーラオス,,,
Gen 8 Names,,,Regieleki,,レジエレキ,,,
Gen 8 Names,,,Regidrago,,レジドラゴ,,,
Gen 8 Names,,,Glastrier,,ブリザポス,,,
Gen 8 Names,,,Spectrier,,レイスポス,,,
Gen 8 Names,,,Calyrex,,バドレックス,,,
Gen 9 Names,Pokémon names from Generation IX,0 - Vocab,Sprigatito,,ニャオハ,,,
Gen 9 Names,,,Floragato,,ニャローテ,,,
Gen 9 Names,,,Meowscarada,,マスカーニャ,,,
Gen 9 Names,,,Fuecoco,,ホゲータ,,,
Gen 9 Names,,,Crocalor,,アチゲータ,,,
Gen 9 Names,,,Skeledirge,,ラウドボーン,,,
Gen 9 Names,,,Quaxly,,クワッス,,,
Gen 9 Names,,,Quaxwell,,ウェルカモ,,,
Gen 9 Names,,,Quaquaval,,ウェーニバル,,,
Gen 9 Names,,,Lechonk,,グルトン,,,
Gen 9 Names,,,Oinkologne,,パフュートン,,,
Gen 9 Names,,,Tarountula,,タマンチュラ,,,
Gen 9 Names,,,Spidops,,ワナイダー,,,
Gen 9 Names,,,Nymble,,マメバッタ,,,
Gen 9 Names,,,Lokix,,エクスレッグ,,,
Gen 9 Names,,,Pawmi,,パモ,,,
Gen 9 Names,,,Pawmo,,パモット,,,
Gen 9 Names,,,Pawmot,,パーモット,,,
Gen 9 Names,,,Tandemaus,,ワッカネズミ,,,
Gen 9 Names,,,Maushold,,イッカネズミ,,,
Gen 9 Names,,,Fidough,,パピモッチ,,,
Gen 9 Names,,,Dachsbun,,バウッツェル,,,
Gen 9 Names,,,Smoliv,,ミニーブ,,,
Gen 9 Names,,,Dolliv,,オリーニョ,,,
Gen 9 Names,,,Arboliva,,オリーヴァ,,,
Gen 9 Names,,,Squawkabilly,,イキリンコ,,,
Gen 9 Names,,,Nacli,,コジオ,,,
Gen 9 Names,,,Naclstack,,ジオヅム,,,
Gen 9 Names,,,Garganacl,,キョジオーン,,,
Gen 9 Names,,,Charcadet,,カルボウ,,,
Gen 9 Names,,,Armarouge,,グレンアルマ,,,
Gen 9 Names,,,Ceruledge,,ソウブレイズ,,,
Gen 9 Names,,,Tadbulb,,ズピカ,,,
Gen 9 Names,,,Bellibolt,,ハラバリー,,,
Gen 9 Names,,,Wattrel,,カイデン,,,
Gen 9 Names,,,Kilowattrel,,タイカイデン,,,
Gen 9 Names,,,Maschiff,,オラチフ,,,
Gen 9 Names,,,Mabosstiff,,マフィティフ,,,
Gen 9 Names,,,Shroodle,,シルシュルー,,,
Gen 9 Names,,,Grafaiai,,タギングル,,,
Gen 9 Names,,,Bramblin,,アノクサ,,,
Gen 9 Names,,,Brambleghast,,アノホラグサ,,,
Gen 9 Names,,,Toedscool,,ノノクラゲ,,,
Gen 9 Names,,,Toedscruel,,リククラゲ,,,
Gen 9 Names,,,Klawf,,ガケガニ,,,
Gen 9 Names,,,Capsakid,,カプサイジ,,,
Gen 9 Names,,,Scovillain,,スコヴィラン,,,
Gen 9 Names,,,Rellor,,シガロコ,,,
Gen 9 Names,,,Rabsca,,ベラカス,,,
Gen 9 Names,,,Flittle,,ヒラヒナ,,,
Gen 9 Names,,,Espathra,,クエスパトラ,,,
Gen 9 Names,,,Tinkatink,,カヌチャン,,,
Gen 9 Names,,,Tinkaton,,ナカヌチャン,,,
Gen 9 Names,,,Tinkaton,,デカヌチャン,,,
Gen 9 Names,,,Wiglett,,ウミディグダ,,,
Gen 9 Names,,,Wugtrio,,ウミトリオ,,,
Gen 9 Names,,,Bombirdier,,オトシドリ,,,
Gen 9 Names,,,Finizen,,ナミイルカ,,,
Gen 9 Names,,,Palafin,,イルカマン,,,
Gen 9 Names,,,Varoom,,ブロロン,,,
Gen 9 Names,,,Revavroom,,ブロロローム,,,
Gen 9 Names,,,Cyclizar,,モトトカゲ,,,
Gen 9 Names,,,Orthworm,,ミミズズ,,,
Gen 9 Names,,,Glimmet,,キラーメ,,,
Gen 9 Names,,,Glimmora,,キラフロル,,,
Gen 9 Names,,,Greavard,,ボチ,,,
Gen 9 Names,,,Houndstone,,ハカドッグ,,,
Gen 9 Names,,,Flamigo,,カラミンゴ,,,
Gen 9 Names,,,Cetoddle,,アルクジラ,,,
Gen 9 Names,,,Cetitan,,ハルクジラ,,,
Gen 9 Names,,,Veluza,,ミガルーサ,,,
Gen 9 Names,,,Dondozo,,ヘイラッシャ,,,
Gen 9 Names,,,Tatsugiri,,シャリタツ,,,
Gen 9 Names,,,Annihilape,,コノヨザル,,,
Gen 9 Names,,,Clodsire,,ドオー,,,
Gen 9 Names,,,Farigiraf,,リキキリン,,,
Gen 9 Names,,,Dudunsparce,,ノココッチ,,,
Gen 9 Names,,,Kingambit,,ドドゲザン,,,
Gen 9 Names,,,Great Tusk,,イダイナキバ,,,
Gen 9 Names,,,Scream Tail,,サケブシッポ,,,
Gen 9 Names,,,Brute Bonnet,,アラブルタケ,,,
Gen 9 Names,,,Flutter Mane,,ハバタクカミ,,,
Gen 9 Names,,,Slither Wing,,チヲハウハネ,,,
Gen 9 Names,,,Sandy Shocks,,スナノケガワ,,,
Gen 9 Names,,,Iron Treads,,テツノワダチ,,,
Gen 9 Names,,,Iron Bundle,,テツノツツミ,,,
Gen 9 Names,,,Iron Hands,,テツノカイナ,,,
Gen 9 Names,,,Iron Jugulis,,テツノコウベ,,,
Gen 9 Names,,,Iron Moth,,テツノドクガ,,,
Gen 9 Names,,,Iron Thorns,,テツノイバラ,,,
Gen 9 Names,,,Frigibax,,セビエ,,,
Gen 9 Names,,,Arctibax,,セゴール,,,
Gen 9 Names,,,Baxcalibur,,セグレイブ,,,
Gen 9 Names,,,Gimmighoul,,コレクレー,,,
Gen 9 Names,,,Gholdengo,,サーフゴー,,,
Gen 9 Names,,,Wo-Chien,,チオンジェン,,,
Gen 9 Names,,,Chien-Pao,,パオジアン,,,
Gen 9 Names,,,Ting-Lu,,ディンルー,,,
Gen 9 Names,,,Chi-Yu,,イーユイ,,,
Gen 9 Names,,,Roaring Moon,,トドロクツキ,,,
Gen 9 Names,,,Iron Valiant,,テツノブジン,,,
Gen 9 Names,,,Koraidon,,コライドン,,,
Gen 9 Names,,,Miraidon,,ミライドン,,,
Gen 9 Names,,,Walking Wake,,ウネルミナモ,,,
Gen 9 Names,,,Iron Leaves,,テツノイサハ,,,
Gen 9 Names,,,Dipplin,,カミッチュ,,,
Gen 9 Names,,,Poltchageist,,チャデス,,,
Gen 9 Names,,,Sinistcha,,ヤバソチャ,,,
Gen 9 Names,,,Okidogi,,イイネイヌ,,,
Gen 9 Names,,,Munkidori,,マシマシラ,,,
Gen 9 Names,,,Fezandipiti,,キチキギス,,,
Gen 9 Names,,,Ogerpon,,オーガポン,,,
Gen 9 Names,,,Archaludon,,ブリジュラス,,,
Gen 9 Names,,,Hydrapple,,カミツオロチ,,,
Gen 9 Names,,,Gouging Fire,,ウガツホムラ,,,
Gen 9 Names,,,Raging Bolt,,タケルライコ,,,
Gen 9 Names,,,Iron Boulder,,テツノイワオ,,,
Gen 9 Names,,,Iron Crown,,テツノカシラ,,,
Gen 9 Names,,,Terapagos,,テラパゴス,,,
Gen 9 Names,,,Pecharunt,,モモワロウ,,,